pdb_id,ccd_id,chain_id,res_id
182L,BZF,A,401
183L,DEN,A,400
184L,I4B,A,401
186L,N4B,A,400
187L,PXY,A,400
1A05,IPM,A,401
1A05,IPM,B,402
1A4M,PRH,A,354
1A4M,PRH,B,854
1A4M,PRH,C,1354
1A4M,PRH,D,1854
1A4W,QWE,H,373
1A53,IGP,A,300
1AJV,NMB,A,501
1AS0,GSP,A,355
1AZM,AZM,A,262
1B57,PGH,A,359
1B57,PGH,B,359
1B5E,DCM,A,300
1B5E,DCM,B,400
1BCD,FMS,A,500
1BIR,2GP,A,106
1BIR,2GP,B,107
1BK0,ACV,A,351
1C23,MPH,A,300
1C27,NLP,A,300
1C5N,ESI,H,522
1C5Q,ESI,A,246
1C5R,ESI,A,246
1C5S,ESX,A,246
1C9Y,NVA,A,355
1CIP,GNP,A,355
1CW2,HSP,A,270
1D0O,INE,A,760
1D0O,INE,A,766
1D0O,INE,B,761
1D0O,INE,B,765
1D0V,NIO,A,991
1D1V,H4B,A,700
1D1V,H4B,B,701
1D1V,PTU,A,810
1D1V,PTU,B,811
1D1W,ATQ,A,805
1D1W,ATQ,B,801
1D1W,H4B,A,600
1D1W,H4B,B,601
1D1X,H4B,A,600
1D1X,H4B,B,601
1D3G,BRE,A,397
1D7O,TCL,A,502
1D8D,FII,B,1000
1DB1,VDX,A,428
1DMI,ITU,A,1800
1DMI,ITU,B,2800
1DMK,ITU,A,1800
1DMK,ITU,B,2800
1DMR,PGD,A,782
1DMR,PGD,A,783
1DQA,MAH,A,201
1DQA,MAH,B,202
1DQA,MAH,C,204
1DQA,MAH,D,203
1DUO,1MZ,A,155
1DUV,PSQ,G,401
1DUV,PSQ,H,402
1DUV,PSQ,I,403
1EC8,GLR,A,499
1EC8,GLR,B,500
1EC8,GLR,C,501
1EC8,GLR,D,502
1EGH,PGA,A,201
1EGH,PGA,B,211
1EGH,PGA,C,221
1EGH,PGA,D,231
1EGH,PGA,E,241
1EGH,PGA,F,251
1EK0,GNP,A,501
1EK6,NAI,A,400
1EK6,NAI,B,402
1EK6,UPG,A,401
1EL5,DMG,A,801
1EL5,DMG,B,811
1EL9,MTG,A,801
1EL9,MTG,B,811
1EQC,CTS,A,401
1EQJ,2PG,A,801
1EVL,TSB,A,2002
1EVL,TSB,B,3002
1EVL,TSB,C,4002
1EVL,TSB,D,5002
1EX7,5GP,A,187
1EX8,A4P,A,171
1EXA,394,A,450
1EZ1,GAR,A,410
1EZ1,GAR,B,411
1F0L,APU,A,601
1F0L,APU,B,602
1F0T,PR1,A,304
1F9H,APC,A,171
1F9H,PH2,A,181
1FNC,A2P,A,316
1FNC,FDA,A,315
1FSG,9DG,A,304
1FSG,9DG,C,304
1G2K,NM1,B,501
1G4T,FTP,A,2001
1G4T,FTP,B,2002
1G67,TZP,A,2005
1G67,TZP,B,2006
1G69,TZP,A,2005
1G69,TZP,B,2006
1G6C,IFP,A,2001
1G6C,IFP,B,2002
1G6C,TZP,A,2005
1G6C,TZP,B,2006
1G6S,GPJ,A,701
1G6S,S3P,A,601
1G6T,S3P,A,601
1G8K,MGD,A,5001
1G8K,MGD,A,5002
1G8K,MGD,C,5101
1G8K,MGD,C,5102
1G8K,MGD,E,5201
1G8K,MGD,E,5202
1G8K,MGD,G,5301
1G8K,MGD,G,5302
1G97,UD1,A,500
1G9R,UPF,A,401
1GJ5,130,H,410
1GJ6,132,A,246
1GKY,5GP,A,187
1GPU,THD,A,1682
1GPU,THD,B,1682
1GTE,IUR,A,1034
1GTE,IUR,B,1034
1GTE,IUR,C,1034
1GTE,IUR,D,1034
1GTV,TYD,A,302
1H1S,4SP,A,1298
1HB1,OCV,A,1332
1HGX,5GP,A,600
1HM9,UD1,A,1500
1HM9,UD1,B,2500
1HPU,A12,A,1602
1HPU,A12,B,1603
1HPU,A12,C,1604
1HPU,A12,D,1605
1HQ2,APC,A,171
1HQ2,PH2,A,181
1HWW,SWA,A,1103
1HYO,HBU,A,1012
1HYO,HBU,B,1011
1HZJ,UD1,B,901
1I2B,UPG,A,1402
1I2B,USQ,A,2402
1I2C,UPG,A,402
1I6K,TYM,A,350
1I6L,TYM,A,350
1I6M,TYM,A,350
1I9C,2AS,B,1307
1I9C,2AS,D,1308
1IA1,TQ3,A,194
1IA1,TQ3,B,196
1IH8,APC,A,3001
1IK4,PGH,A,153
1IK4,PGH,B,153
1IK4,PGH,C,153
1IK4,PGH,D,153
1IK4,PGH,E,153
1IK4,PGH,F,153
1IR2,CAP,A,501
1IR2,CAP,B,501
1IR2,CAP,C,501
1IR2,CAP,D,501
1IR2,CAP,E,501
1IR2,CAP,F,501
1IR2,CAP,G,501
1IR2,CAP,H,501
1IR2,CAP,S,501
1IR2,CAP,T,501
1IR2,CAP,U,501
1IR2,CAP,V,501
1IR2,CAP,W,501
1IR2,CAP,X,501
1IR2,CAP,Y,501
1IR2,CAP,Z,501
1IY7,CXA,A,500
1J1R,ADE,A,701
1J39,UPG,A,400
1JCR,FPP,B,1002
1JD0,AZM,A,1400
1JD0,AZM,B,2401
1JHO,NIO,A,991
1JHQ,NIO,A,991
1JHR,NIO,A,991
1K3L,GTX,A,5100
1K3L,GTX,B,5200
1K3Y,GTX,A,5100
1K3Y,GTX,B,5200
1KDG,6FA,A,6801
1KDG,6FA,B,7801
1KDK,DHT,A,301
1KFB,IGP,A,550
1KFE,PLS,B,550
1KFJ,PLS,B,400
1KJ8,GAR,A,399
1KJ8,GAR,B,398
1KMQ,GNP,A,300
1KQF,MGD,A,1018
1KQF,MGD,A,1019
1KVO,OAP,A,190
1KVO,OAP,B,190
1KVO,OAP,C,190
1KVO,OAP,D,190
1KVO,OAP,E,190
1KVO,OAP,F,190
1KW6,BPY,B,401
1KW8,BPY,B,401
1KW9,BPY,B,401
1KZK,JE2,A,701
1L4L,NCN,A,991
1L4M,NCN,A,991
1L5L,NIO,A,991
1L5M,NIO,A,991
1L5O,NCN,A,991
1L7G,BCZ,A,801
1L7H,BCZ,A,801
1LD8,FPP,B,1002
1LGW,1AN,A,401
1LGX,5AN,A,401
1LI3,3CH,A,401
1LI6,5MP,A,400
1LNM,DTX,A,700
1LOV,3GP,A,106
1LQP,FCN,A,4002
1LQP,FCN,B,4001
1LRK,UD1,A,341
1LS6,A3P,A,2001
1LYX,PGA,A,401
1LZX,H4B,A,760
1LZX,H4B,B,1760
1M2T,ADE,A,9550
1M2W,MTL,A,5600
1M2W,MTL,B,6600
1M78,CLZ,A,194
1M78,CLZ,B,196
1M79,MQ1,A,194
1M79,MQ1,B,196
1M7A,MQU,A,194
1M7A,MQU,B,196
1M7G,ADX,A,1302
1M7G,ADX,B,1305
1M7G,ADX,D,1310
1MEH,IMP,A,602
1MI4,S3P,A,1001
1ML7,PYZ,A,186
1MMT,NLE,A,1427
1MMV,H4B,A,1760
1MMV,H4B,B,2760
1MRH,FMC,A,300
1MV8,GDX,A,2005
1MV8,GDX,A,2006
1MV8,GDX,D,2007
1MV8,GDX,D,2008
1MZC,FPP,B,1002
1N0S,FLU,A,500
1N0S,FLU,B,501
1N2H,PAJ,A,1001
1N2H,PAJ,B,1002
1N55,PGA,A,650
1N5J,TYD,A,218
1NAA,6FA,A,801
1NAA,6FA,B,1801
1NC9,IMI,A,5100
1NDF,152,A,5001
1NDF,152,B,6001
1NKI,PPF,A,5001
1NKI,PPF,B,5002
1NMY,FDM,A,301
1NN1,2DT,A,301
1NYM,CXB,A,300
1NZD,UPG,A,354
1O0S,NAI,A,920
1O0S,NAI,B,930
1O0S,TTN,A,810
1O0S,TTN,B,815
1O29,UFP,A,803
1O29,UFP,B,808
1O29,UFP,C,813
1O29,UFP,D,818
1O2I,655,A,246
1O2J,656,A,246
1O2P,972,A,246
1O2Q,991,A,246
1O2V,847,A,246
1O32,801,A,246
1O34,801,A,246
1O35,802,A,246
1O39,780,A,246
1O3B,780,A,246
1O3H,907,A,246
1O3I,907,A,246
1O3K,334,A,246
1O6I,0HZ,A,1516
1O98,2PG,A,801
1ODM,ASV,A,1332
1ODO,PIM,A,1408
1OF1,SCT,A,400
1OF1,SCT,B,500
1OFD,AKG,A,3510
1OFD,AKG,B,3510
1OFO,PGA,A,442
1OFO,PGA,B,442
1OIU,N76,A,1298
1OIU,N76,C,1298
1OM4,H4B,A,760
1OM4,H4B,B,761
1OVH,2CM,A,404
1OVJ,FLM,A,408
1OWY,PRY,A,406
1OZH,HE3,A,1406
1OZH,HE3,B,1413
1OZH,HE3,C,1423
1OZH,HE3,D,1433
1P1J,NAI,A,650
1P1J,NAI,B,660
1P1Q,AMQ,A,602
1P1Q,AMQ,B,603
1P1Q,AMQ,C,601
1P1R,NAI,A,377
1P1R,NAI,B,377
1P1R,NAI,C,377
1P1R,NAI,D,377
1P1R,NMH,A,378
1P1R,NMH,B,378
1P1R,NMH,C,378
1P1R,NMH,D,378
1P3D,UMA,A,602
1P3D,UMA,B,1602
1P5Z,AR3,B,304
1P60,DCZ,A,402
1P60,DCZ,B,502
1P62,GEO,B,302
1P6H,H4B,A,760
1P6H,H4B,B,761
1P6J,H4B,A,760
1P6J,H4B,B,761
1P6K,H4B,A,760
1P6K,H4B,B,761
1P9B,HDA,A,1602
1PA9,CSN,A,737
1PE1,2PG,A,1268
1PE1,2PG,B,2268
1PG4,PRX,A,999
1PG4,PRX,B,998
1PL1,ABY,A,654
1PL1,ABY,B,655
1PN9,GTX,A,301
1PN9,GTX,B,302
1PVY,5RP,A,501
1PVY,5RP,B,601
1PWL,BFI,A,320
1Q0N,APC,A,171
1Q0N,PH2,A,181
1Q11,TYE,A,401
1Q2O,H4B,A,760
1Q2O,H4B,B,761
1Q36,SKP,A,600
1Q3E,PCG,A,401
1Q3E,PCG,B,402
1Q6O,LG6,A,7301
1Q6O,LG6,B,9301
1Q6Q,LXP,A,7301
1Q6Q,LXP,B,9301
1Q92,DRM,A,1001
1QDS,PGA,A,350
1QF1,TI1,A,317
1QG6,TCL,A,601
1QG6,TCL,B,602
1QG6,TCL,C,603
1QG6,TCL,D,604
1QJF,ACS,A,1333
1QK4,IMP,A,300
1QK4,IMP,B,300
1QK4,IMP,C,300
1QK4,IMP,D,300
1QNF,HDF,A,486
1QOQ,IGP,A,300
1QRP,HH0,E,327
1QV6,24B,A,378
1QV6,24B,B,378
1QXR,PA5,A,300
1QXR,PA5,B,301
1R5Y,DQU,A,900
1R6D,DAU,A,401
1R8Q,AFB,A,403
1R8Q,AFB,B,503
1RA3,MTX,A,161
1RF6,GPJ,A,1428
1RF6,GPJ,B,1528
1RF6,GPJ,C,1628
1RF6,GPJ,D,1728
1RJK,VDZ,A,500
1RKG,VD1,A,500
1RM6,PCD,A,920
1RM6,PCD,D,920
1RRV,TYD,A,1003
1RRV,TYD,B,1004
1RS6,H4B,A,760
1RS6,H4B,B,761
1RS7,H4B,A,760
1RS7,H4B,B,761
1RX6,DDF,A,161
1RXG,AKG,A,313
1S3Z,RIO,B,501
1S63,778,B,3012
1S63,FPP,B,3011
1S73,FMI,A,296
1S9D,AFB,A,403
1S9T,QUS,A,1001
1S9T,QUS,B,1002
1SBM,FMI,A,296
1SC9,CNH,A,300
1SD3,SYM,A,998
1SD3,SYM,B,999
1SFF,IK2,A,450
1SFF,IK2,B,450
1SFF,IK2,C,450
1SFF,IK2,D,450
1SJ0,E4D,A,600
1SJN,DUP,A,1170
1SJN,DUP,B,3170
1SNN,5RP,A,401
1SNN,5RP,B,501
1SVS,GNP,A,355
1SWK,BTQ,C,5300
1SYH,CPW,A,501
1T24,OXQ,A,417
1T25,NAI,A,336
1T2E,NAI,A,336
1T3Q,MCN,B,4921
1T3Q,MCN,E,4920
1T46,STI,A,3
1T79,DHT,A,200
1T7F,DHT,A,200
1T7T,DHT,A,300
1T8T,A3P,A,1302
1T8T,A3P,A,1303
1T8U,A3P,B,602
1T8U,A3P,B,603
1T9S,5GP,A,859
1T9S,5GP,B,859
1TC2,7HP,A,800
1TC2,7HP,B,810
1TES,ETN,A,156
1TF9,PHI,A,913
1THL,0DB,A,320
1TIW,TFB,A,2002
1TJP,HPF,A,1001
1TMM,HHR,A,181
1TQT,SSD,A,1201
1TZC,PA5,A,600
1TZC,PA5,B,601
1U1W,3HA,A,700
1U1W,3HA,B,701
1U1X,HHA,A,401
1U1X,HHA,B,402
1U4O,NDD,A,401
1U4S,BIH,A,336
1U6R,IOM,B,1601
1U72,MTX,A,188
1U8Y,GNP,A,201
1U8Y,GNP,B,202
1UAG,UMA,A,963
1UAQ,DUC,A,300
1UAQ,DUC,B,300
1UF5,CDT,A,998
1UF5,CDT,B,999
1UK7,BUA,A,1300
1UK8,LEA,A,1300
1UK9,IVA,A,1300
1UKA,SMB,A,1300
1UQU,UPG,A,1457
1UU3,LY4,A,1374
1UU9,BI3,A,1370
1UWC,FER,B,1262
1UWT,GTL,A,1490
1UWT,GTL,B,1491
1UWU,GOX,A,1490
1UWU,GOX,B,1490
1UY8,PU5,A,1224
1UY9,PU6,A,1224
1UYC,PU7,A,1224
1UZ4,IFL,A,1432
1V0H,SHA,X,253
1V5Y,4HC,A,1455
1V5Y,4HC,B,1201
1V7C,HEY,A,1400
1V7C,HEY,B,2400
1V7C,HEY,C,3400
1V7C,HEY,D,4400
1VC8,5FA,A,501
1VG8,GNP,A,1400
1VG8,GNP,B,2400
1VG8,GNP,C,3400
1VG8,GNP,D,4400
1VHW,ADN,A,252
1VHW,ADN,B,252
1VHW,ADN,C,252
1VHW,ADN,D,252
1VHW,ADN,E,252
1VHW,ADN,F,252
1VSO,AT1,A,258
1W04,HCG,A,1332
1W06,W05,A,1332
1W19,T1P,A,1163
1W19,T5P,C,1162
1WLJ,U5P,A,300
1WQ3,IYR,A,501
1WRA,PC,A,501
1WRA,PC,B,501
1WVG,CXY,A,401
1WVJ,IBC,A,1001
1WZD,YOK,A,901
1WZG,YOM,A,901
1X1I,46M,A,780
1X39,IDE,A,1001
1X3S,GNP,A,300
1X54,4AD,A,2001
1X55,NSS,A,3002
1X7N,PA5,A,301
1X8B,824,A,901
1X8R,SC1,A,601
1X8T,RC1,A,501
1X9I,G6Q,A,600
1X9I,G6Q,B,601
1XBZ,LX1,A,501
1XBZ,LX1,B,502
1XNJ,ADX,A,2900
1XNJ,ADX,B,2700
1XNJ,ADX,B,2805
1XON,PIL,A,501
1XON,PIL,B,502
1XOQ,ROF,A,502
1XOQ,ROF,B,501
1XP0,VDN,A,201
1XQL,PMH,A,503
1XQL,PMH,B,603
1XQL,PMP,A,501
1XQL,PMP,B,601
1XQP,8HG,A,257
1XS1,DUT,A,1194
1XS1,DUT,B,2194
1XS1,DUT,C,3194
1XS1,DUT,D,4194
1XS1,DUT,E,5194
1XS1,DUT,F,6194
1XTP,SAI,A,401
1XTT,U5P,A,1250
1XTT,U5P,B,2250
1XTT,U5P,C,3250
1XTT,U5P,D,4250
1XUA,HHA,A,1001
1XUA,HHA,B,1002
1XWS,BI1,A,1001
1Y0P,MEZ,A,1806
1Y1M,AC5,A,1001
1Y1M,AC5,B,1002
1Y20,1AC,A,1001
1Y4Z,MD1,A,1800
1Y4Z,MD1,A,2800
1Y5I,MD1,A,1800
1Y5I,MD1,A,2800
1YC4,43P,A,301
1YGC,905,H,1
1YIY,PMP,A,500
1YIY,PMP,B,501
1YON,A2R,A,501
1YRO,GDU,B,403
1YRO,GDU,D,528
1YV3,BIT,A,800
1YV5,RIS,A,901
1YZL,GNP,A,400
1YZQ,GNP,A,900
1YZX,GSF,A,301
1YZX,GSF,B,1301
1Z06,GNP,A,204
1Z08,GNP,A,1200
1Z08,GNP,B,2200
1Z08,GNP,C,3200
1Z08,GNP,D,4200
1Z4I,UMP,A,1001
1Z4J,U2P,A,3001
1Z4P,DGP,X,1
1Z57,DBQ,A,1
1Z5O,MTA,A,5233
1Z5O,MTA,B,9233
1Z8O,DEB,A,420
1Z8Q,DEB,A,420
1Z95,198,A,501
1Z9G,RRT,E,1006
1Z9Y,FUN,A,500
1ZC3,GNP,A,700
1ZC3,GNP,C,800
1ZFK,NR2,A,1400
1ZFQ,ZEC,A,300
1ZGE,SDA,A,300
1ZGF,TRU,A,300
1ZH0,NAL,A,315
1ZH9,MPX,A,500
1ZPD,DPX,A,600
1ZPD,DPX,B,600
1ZPD,DPX,E,600
1ZPD,DPX,F,600
1ZV9,PDO,A,3001
1ZW6,GNP,A,268
1ZW9,H64,A,1001
1ZZL,TZY,A,999
1ZZQ,H4B,A,760
1ZZQ,H4B,B,761
1ZZS,H4B,A,760
1ZZS,H4B,B,761
1ZZU,H4B,A,760
1ZZU,H4B,B,761
2A15,NCA,A,1001
2A9Y,26A,A,1001
2A9Y,26A,A,1002
2A9Z,26A,A,1001
2A9Z,26A,A,1002
2AA2,AS4,A,201
2AA6,STR,A,401
2AA6,STR,B,402
2AA9,SKM,A,501
2AAY,GPJ,A,702
2AAY,SKM,A,701
2ABS,ACP,A,1001
2AC7,ADN,A,1216
2AC7,ADN,B,1215
2AH9,UDH,A,399
2AH9,UDH,B,401
2AH9,UDH,C,403
2AIB,ERG,A,475
2AIB,ERG,B,476
2AIR,CP,A,802
2AIR,CP,G,803
2AL1,2PG,A,441
2AL2,2PG,A,441
2AL2,2PG,B,441
2AL5,FWD,A,901
2AL5,FWD,B,902
2ALW,MNM,A,4001
2AM3,UPG,A,449
2AM4,U2F,A,449
2AM9,TES,A,1000
2ANZ,26D,A,500
2AO6,R18,A,1001
2APC,UDM,A,449
2AQ8,NAI,A,270
2AS1,TP5,A,500
2AS2,2IM,A,500
2AT8,FDD,X,185
2AW1,COX,A,264
2AX7,FHM,A,1
2AX9,BHM,A,1
2B4Y,APR,A,1002
2B4Y,APR,B,2002
2BB7,QMS,A,305
2BIB,PC,A,1541
2BIK,BI1,B,1306
2BKX,F6R,A,1243
2BKX,F6R,B,1243
2BLF,MSS,A,401
2BME,GNP,A,1180
2BME,GNP,B,1178
2BME,GNP,C,1178
2BME,GNP,D,1179
2BPB,MSS,A,1374
2BTR,U73,A,300
2BTS,U32,A,1299
2BUU,4NC,B,1542
2BYH,2D7,A,1226
2BYI,2DD,A,1226
2BZ5,AB4,A,1226
2BZ6,346,H,1258
2C29,DQH,D,1331
2C29,DQH,F,1332
2C3I,IYZ,B,1306
2C3Y,HTL,A,2236
2C3Y,HTL,B,2236
2C54,GKD,A,1374
2C54,GKD,B,1374
2C54,GKE,A,1372
2C54,GKE,B,1372
2C5A,GDC,A,1376
2C5A,GDC,B,1372
2C5E,GDD,A,1375
2C5E,GDD,B,1372
2C68,CT6,A,1297
2C6C,24I,A,1767
2C6Q,IMP,A,1337
2C6Q,IMP,B,1339
2C6Q,IMP,C,1337
2C6Q,IMP,E,1337
2C6Q,IMP,F,1337
2C6Q,IMP,G,1338
2C6Q,IMP,H,1337
2C77,GNP,A,1406
2C78,GNP,A,1406
2C9X,MSS,A,1374
2CBU,CTS,A,1447
2CBU,CTS,B,1445
2CF9,348,H,1247
2CHL,DKI,A,1323
2CHN,NGT,A,1718
2CHN,NGT,B,1717
2CL0,GNP,X,200
2CLK,G3H,A,1268
2CLL,PLS,B,1395
2CLM,PLS,B,1394
2CLO,PLS,B,1392
2CNQ,AMZ,A,1308
2CZE,U5P,A,401
2CZE,U5P,B,402
2D1S,SLU,A,2001
2D1T,SLU,A,2001
2D2G,DZZ,A,901
2D3U,CCT,A,1001
2D3U,CCT,B,2001
2DEQ,BT5,B,1301
2DJZ,BT5,A,1301
2DVE,BT5,B,1301
2DXU,BT5,B,2301
2E2R,2OH,A,1401
2E41,BTX,A,1301
2E5D,NCA,A,1501
2E5D,NCA,B,1502
2E68,DOR,A,1353
2E68,DOR,B,2353
2E6F,OXC,A,1352
2E6F,OXC,B,2352
2EG7,OTD,A,410
2EG7,OTD,B,410
2EI1,D1N,A,1637
2EJ0,PMP,A,3413
2EJ0,PMP,B,3913
2EJ0,PMP,C,4413
2EJ0,PMP,D,1913
2EJ0,PMP,E,2413
2EJ0,PMP,F,2913
2EPN,NGT,A,1650
2EPN,NGT,B,2650
2EU2,5DS,A,263
2EU3,FF3,A,263
2EUO,LG5,A,401
2EUQ,BVC,A,401
2EUS,ABN,A,400
2EUT,BVF,A,401
2EUU,BVG,A,401
2EW1,GNP,A,700
2EWB,ZED,A,2000
2F4A,TOU,A,221
2F4G,BRJ,A,300
2F4J,VX6,A,514
2F6R,ACO,A,270
2F7Q,AOL,A,5009
2F7R,SK3,A,5009
2F80,017,B,301
2F81,017,A,302
2F8G,017,B,401
2F8P,CEI,A,1526
2F9M,GNP,A,1200
2F9W,PAU,A,6001
2F9W,PAU,A,6002
2FCT,AKG,A,897
2FCT,AKG,B,898
2FCV,AKG,A,897
2FCV,AKG,B,898
2FDV,D2G,A,501
2FDV,D2G,B,501
2FDV,D2G,C,501
2FDV,D2G,D,501
2FE6,MNR,A,422
2FER,MNR,A,1001
2FEU,MNR,A,730
2FEU,MNR,B,731
2FOV,B30,A,301
2FQW,NOS,A,400
2FQY,ADN,A,400
2FVD,LIA,A,299
2FXE,DR7,A,102
2FYC,GDU,B,403
2FYC,GDU,D,528
2FZE,APR,A,1377
2FZE,APR,B,2377
2G6H,H4B,A,760
2G6H,H4B,B,761
2G6I,HBI,A,760
2G6I,HBI,B,761
2G6K,H4B,A,760
2G6K,H4B,B,761
2G6M,H4B,A,760
2G6M,H4B,B,761
2G6N,HBI,A,760
2G6N,HBI,B,761
2G9Z,VNP,A,602
2G9Z,VNP,B,601
2GAG,FOA,B,503
2GC0,PAN,A,901
2GC0,PAN,B,902
2GCO,GNP,A,1001
2GCO,GNP,B,1003
2GGA,GPJ,A,701
2GGD,GPJ,A,601
2GIR,NN3,A,1001
2GIR,NN3,B,2001
2GIV,ACO,A,500
2GMS,P0P,A,400
2GMS,P0P,B,401
2GU6,NLP,A,3808
2GU6,NLP,B,3808
2GWH,A3P,A,401
2GWH,A3P,B,401
2H0Y,ESA,A,600
2H15,B19,A,300
2H4Z,DG2,A,1002
2H4Z,DG2,B,1001
2H59,3OD,B,253
2H8G,ADE,A,701
2H8G,ADE,B,702
2HAR,OCC,A,1001
2HAW,2PN,A,2001
2HAW,2PN,B,2002
2HB3,GRL,B,201
2HB8,MVD,A,1001
2HB9,L13,A,500
2HF9,GSP,A,300
2HF9,GSP,B,300
2HHJ,DG2,A,2201
2HHJ,DG2,B,2200
2HJP,PPR,A,291
2HKJ,RDC,A,501
2HNC,1SA,A,265
2HOX,P1T,A,6001
2HOX,P1T,B,6002
2HOX,P1T,C,6003
2HOX,P1T,D,6004
2HS1,017,A,201
2HVW,DCP,B,1202
2HX2,H4B,A,760
2HX2,H4B,B,760
2HX3,H4B,A,760
2HX3,H4B,B,760
2HZI,JIN,A,600
2HZI,JIN,B,600
2I5X,UA5,A,701
2I5X,UA5,B,702
2I7D,DUR,A,300
2I7D,DUR,B,301
2IC5,GNP,A,501
2ICA,2IC,A,1
2ICY,UPG,A,901
2ICY,UPG,B,902
2IDZ,ZID,A,300
2IEJ,S48,B,943
2IEN,017,B,402
2IEO,017,A,402
2IGB,U5P,A,351
2IGB,U5P,B,352
2IHQ,LG7,A,90
2IQG,F2I,A,801
2ISW,PGH,A,325
2IUW,AKG,A,700
2IVF,MGD,A,1986
2IVI,ACW,B,1332
2IVJ,BCV,A,1332
2IW1,U2F,A,900
2IYQ,SKM,A,201
2IYX,SKM,A,201
2IZR,BRK,A,1335
2IZS,BRQ,A,1334
2IZU,P01,A,1335
2J27,PGA,A,701
2J27,PGA,B,702
2J41,5GP,B,1208
2J41,5GP,C,1200
2J41,5GP,D,1210
2J78,GOX,A,1451
2J78,GOX,B,1446
2J79,GTL,A,1446
2J79,GTL,B,1446
2J7B,NTZ,A,1446
2J7B,NTZ,B,1446
2J7P,GNP,A,1400
2J7P,GNP,B,1400
2J7P,GNP,D,1400
2J7P,GNP,E,1400
2J8R,MSL,A,1176
2J8R,MSL,B,1175
2J90,IZA,A,300
2J90,IZA,B,300
2J9X,P1T,B,1396
2JBH,5GP,B,1230
2JFF,LK2,A,1440
2JFG,UMA,A,1440
2JG0,TTZ,A,1548
2JH0,701,D,1247
2JIG,PD2,A,1254
2JIW,BEU,A,1594
2JIW,BEU,B,1594
2JJC,LGA,A,1225
2JJO,EY5,A,413
2JKB,SKD,A,1698
2JKE,NOJ,A,1727
2JKE,NOJ,B,1727
2JKP,CTS,A,1727
2JKP,CTS,B,1727
2NMY,ROC,A,401
2NMZ,ROC,B,401
2NN7,M29,A,311
2NN7,M29,B,312
2NNG,ZYX,A,301
2NNK,ROC,A,401
2NNO,M28,A,301
2NNS,M25,A,301
2NNV,M29,A,301
2NO0,GEO,A,302
2NO0,GEO,B,302
2NO1,DCZ,A,302
2NO1,DCZ,B,302
2NO6,ETV,A,302
2NO6,ETV,B,302
2NO7,LDC,A,401
2NO7,LDC,B,401
2NOA,3TC,A,302
2NOA,3TC,B,302
2NQ6,HM4,A,410
2NV6,ZID,A,300
2O05,MTA,A,501
2O05,MTA,B,501
2O0B,S3P,A,702
2O0D,S3P,A,501
2O0E,S3P,A,501
2O0X,SKP,A,501
2O4J,VD4,A,500
2O4R,VD5,A,500
2OCI,TYC,A,401
2OGD,SUF,A,3001
2OGD,SUF,B,4001
2OLN,6PC,A,5001
2OLO,6PC,A,2001
2ORO,228,A,601
2OTV,NCA,A,1301
2OU0,MR3,X,303
2OU3,I3A,A,163
2OU3,I3A,B,165
2OUZ,C3D,A,999
2OW0,6MR,A,501
2OW0,6MR,B,502
2OW6,NK1,A,4001
2OW7,NK2,A,6001
2OW9,SP6,A,501
2OW9,SP6,B,501
2OZ5,7XY,A,277
2OZ5,7XY,B,277
2P0W,ACO,A,401
2P0W,ACO,B,401
2P15,EZT,A,600
2P15,EZT,B,601
2P1O,NLA,B,801
2P1T,3TN,A,201
2P8N,ADE,A,271
2PA4,UPG,A,326
2PA4,UPG,B,326
2PA4,UPG,C,326
2PA4,UPG,D,326
2PDB,ZST,A,600
2PDC,393,A,600
2PDF,ZST,A,600
2PDG,47D,A,600
2PDH,47D,A,600
2PDJ,393,A,600
2PDN,47D,A,600
2PDP,393,A,600
2PDQ,47D,A,600
2PDU,393,A,600
2PFZ,PCA,A,1
2PGN,CXO,A,1601
2PGN,CXO,B,601
2PHO,TSZ,A,501
2PIY,528,A,401
2PIY,528,C,601
2PJ0,922,A,401
2PJ0,922,B,501
2PJ0,922,C,601
2PJ5,11B,A,401
2PJ5,11B,B,501
2PJ5,11B,C,601
2PJO,NMU,A,303
2PK3,A2R,A,401
2PK3,A2R,B,402
2PK3,GDD,A,410
2PK3,GDD,B,411
2PNU,ENM,A,302
2POU,I7A,A,1000
2POV,I7B,A,1000
2POW,I7C,A,1000
2PQ9,GG9,A,501
2PQB,GG9,A,501
2PQC,RC1,A,601
2PQD,GG9,A,501
2PRZ,OMP,A,450
2PRZ,OMP,B,550
2PRZ,OMP,C,650
2PRZ,OMP,D,750
2PTZ,PAH,A,600
2PU0,PAH,A,600
2PUH,HPK,A,289
2PUT,F6R,A,5003
2PUT,F6R,B,5004
2PUT,F6R,C,5005
2PUT,F6R,D,5006
2PUV,M6R,A,5003
2PUV,M6R,B,5004
2PUV,M6R,C,5005
2PUV,M6R,D,5006
2PVF,ACP,A,300
2PVW,G88,A,1768
2PWC,G3G,A,501
2PWD,NOJ,A,8000
2PWD,NOJ,B,8001
2PWR,G4G,B,501
2PZ8,APC,A,3001
2PZ8,APC,B,3002
2PZN,393,A,320
2Q0U,LAB,A,401
2Q1H,AS4,A,301
2Q3E,NAI,A,500
2Q3E,NAI,B,500
2Q3E,NAI,C,500
2Q3E,NAI,D,500
2Q3E,NAI,E,500
2Q3E,NAI,F,500
2Q3E,NAI,G,500
2Q3E,NAI,H,500
2Q3E,NAI,I,500
2Q3E,NAI,J,500
2Q3E,NAI,K,500
2Q3E,NAI,L,500
2Q3E,UPG,A,501
2Q3E,UPG,B,501
2Q3E,UPG,C,501
2Q3E,UPG,D,501
2Q3E,UPG,E,501
2Q3E,UPG,F,501
2Q3E,UPG,G,501
2Q3E,UPG,H,501
2Q3E,UPG,I,501
2Q3E,UPG,J,501
2Q3E,UPG,K,501
2Q3E,UPG,L,501
2Q5L,R1T,A,2004
2Q5L,R1T,B,2003
2Q5L,S1T,A,2002
2Q5L,S1T,B,2001
2Q5Q,TPW,A,2002
2Q5Q,TPW,B,2001
2Q7I,TES,A,205
2Q7J,TES,A,203
2Q7K,TES,A,304
2Q7L,TES,A,155
2QCG,5BU,A,1
2QCG,5BU,B,2
2QCI,065,B,404
2QCL,OMP,A,1
2QCL,OMP,B,2
2QD6,065,B,404
2QD7,065,B,404
2QD8,065,B,404
2QES,ADE,A,501
2QFQ,S3P,A,701
2QFS,S3P,A,701
2QFT,GPJ,A,801
2QFT,S3P,A,701
2QFU,GPJ,A,801
2QFU,S3P,A,701
2QIS,RIS,A,901
2QMG,SC6,A,1
2QMG,SC6,B,1
2QOA,MAJ,A,800
2QP6,MB1,A,800
2QXS,RAL,A,600
2QXS,RAL,B,600
2R38,G4G,B,2501
2R3J,SCJ,A,501
2R3Q,5SC,A,501
2R3R,6SC,A,501
2R3T,G4G,B,2501
2R3W,G3G,A,2501
2R3X,GTX,A,5100
2R3X,GTX,B,5200
2R5C,C6P,B,430
2R5E,QLP,A,430
2R5E,QLP,B,430
2R75,01G,1,614
2RAH,11P,A,356
2RAY,258,X,2001
2RBN,264,A,1001
2RBO,265,A,1001
2RBP,266,A,1001
2RBS,269,A,1001
2RBU,273,X,4001
2RBW,275,X,2001
2RC0,284,X,2001
2RC9,1AC,A,1001
2RC9,1AC,B,1002
2RCU,BUJ,A,0
2RCU,BUJ,B,0
2RDE,C2E,B,301
2RDN,AKG,A,279
2RDQ,AKG,A,269
2RGA,GNP,A,528
2RGB,GNP,A,528
2RGC,GNP,A,528
2RGD,GNP,A,528
2RGE,GNP,A,528
2RIN,ACH,A,1
2RIN,ACH,B,1
2RIU,5RP,A,701
2RK8,PPF,A,3969
2RK8,PPF,B,3969
2RKD,3PP,A,703
2RKE,SAT,A,704
2TMN,0FA,E,322
2TPS,TPS,A,2001
2TPS,TPS,B,2002
2TYS,PLT,B,399
2UAG,UMA,A,450
2UVX,GVH,A,1351
2UWD,2GG,A,1228
2UWO,701,A,1245
2V0I,UD1,A,1455
2V2C,PGA,A,1254
2V2H,PGA,A,1251
2V2H,PGA,B,1251
2V2H,PGA,C,1251
2V30,U5P,A,1480
2V30,U5P,B,1479
2V3E,NND,A,1502
2V3E,NND,B,1503
2V3U,DSN,A,1262
2V52,LAB,B,401
2V63,CAP,A,476
2V63,CAP,B,477
2V63,CAP,C,477
2V63,CAP,D,477
2V63,CAP,E,477
2V63,CAP,F,477
2V63,CAP,G,477
2V63,CAP,H,477
2V67,CAP,A,477
2V67,CAP,B,477
2V67,CAP,C,477
2V67,CAP,D,477
2V67,CAP,E,477
2V67,CAP,F,477
2V67,CAP,G,477
2V67,CAP,H,477
2V7M,DTE,A,1360
2V7V,5FD,A,1299
2V7V,5FD,C,1299
2V7V,5FD,C,1300
2V7W,5FD,A,1299
2V7W,5FD,B,1299
2V7W,5FD,C,1299
2VAG,V25,A,1482
2VAU,V20,A,1333
2VB8,TLM,A,1405
2VB8,TLM,B,1405
2VB8,TLM,C,1405
2VB8,TLM,D,1405
2VBD,V10,A,1333
2VCE,TC7,A,1478
2VCE,U2F,A,1477
2VD6,2SA,B,1002
2VD6,2SA,D,1002
2VES,GVR,A,1296
2VES,GVR,B,1290
2VES,GVR,C,1301
2VFU,MTL,A,1419
2VHW,NAI,A,1373
2VHW,NAI,B,1372
2VHW,NAI,C,1372
2VHW,NAI,D,1371
2VHW,NAI,E,1374
2VHW,NAI,F,1374
2VIE,VG0,A,1448
2VIJ,C44,A,3000
2VJX,IFL,A,1865
2VJX,IFL,B,1867
2VL4,MNM,A,1865
2VL4,MNM,B,1868
2VLH,PM9,A,1457
2VNM,CM8,A,2000
2VNN,CM7,A,2000
2VO3,M04,A,1352
2VO6,M05,A,1352
2VPN,4CS,A,1311
2VPN,4CS,B,1311
2VPO,6CS,A,1312
2VPO,6CS,B,1312
2VQU,NOY,A,1866
2VQU,NOY,B,1869
2VR4,17B,A,1865
2VR4,17B,B,1869
2VTI,LZ3,A,1299
2VUW,5ID,A,1800
2VVN,NHT,A,1718
2VVN,NHT,B,1716
2VVP,R52,B,200
2VVT,DGL,A,1270
2VVT,DGL,B,1270
2VVV,H21,A,1245
2VXN,PGA,A,1252
2VXN,PGH,A,1251
2VZ0,D64,A,500
2VZ0,D64,B,500
2VZ0,D64,C,500
2VZ0,D64,D,500
2W0B,CMW,A,1450
2W3V,TOP,A,1169
2W4I,DGL,A,1256
2W4I,DGL,B,1255
2W4I,DGL,E,1255
2W4I,DGL,F,1255
2W6Z,L21,A,1447
2W9G,TOP,A,1159
2WBG,LGS,A,1446
2WBG,LGS,B,1446
2WBG,LGS,C,1446
2WBG,LGS,D,1446
2WD1,ZZY,A,2347
2WEG,FBV,A,1263
2WEO,FBW,A,1263
2WF4,ZY4,A,2000
2WG9,OCA,A,301
2WG9,OCA,B,301
2WHO,VGI,A,1534
2WHO,VGI,B,1534
2WJP,D17,A,1441
2WK9,PLG,B,600
2WKA,P89,A,605
2WKA,P89,B,605
2WNS,OMP,A,450
2WNS,OMP,B,550
2WOE,AR6,A,401
2WOE,AR6,B,401
2WOE,AR6,C,401
2WSA,646,A,1423
2WU6,DKI,A,1484
2WVG,TPU,A,600
2WVG,TPU,B,600
2WVG,TPU,E,600
2WVG,TPU,F,600
2WXG,ZZN,A,1500
2WXL,ZS4,A,1500
2WYW,TCL,A,1261
2WYW,TCL,B,1260
2WYW,TCL,C,1260
2WYW,TCL,D,1260
2WZG,UPG,A,1525
2WZI,5FN,A,1719
2WZI,5FN,B,1721
2X0U,X0U,B,1291
2X14,ACP,A,1420
2X1R,X1R,A,1252
2X1S,X1S,A,1251
2X1S,X1S,B,1252
2X23,TCU,A,1271
2X23,TCU,B,1271
2X23,TCU,E,1271
2X23,TCU,G,1271
2X7C,KZ9,A,1365
2X7C,KZ9,B,1367
2X8Z,X8Z,A,1615
2X91,LPR,A,1615
2X93,X93,A,1623
2X94,X94,A,711
2X96,RX3,A,1615
2X97,RX4,A,1615
2X9N,AX3,A,1270
2X9V,TMQ,A,1270
2X9V,TMQ,B,1270
2X9V,TMQ,C,1270
2X9V,TMQ,D,1270
2XBK,XBK,A,1399
2XCE,DUP,C,1131
2XCE,DUP,D,1131
2XCW,IMP,A,1490
2XDK,XDK,A,1226
2XDS,MT0,A,1225
2XFI,XFI,A,1448
2XFK,AA9,A,500
2XGT,NSS,A,1550
2XGT,NSS,B,1550
2XH2,2PG,A,1440
2XH2,2PG,B,1440
2XH2,2PG,C,1440
2XH2,2PG,D,1440
2XH4,2PG,A,1440
2XH4,2PG,B,1440
2XH4,2PG,C,1440
2XH4,2PG,D,1440
2XH7,2PG,A,1440
2XH7,2PG,B,1440
2XHM,K26,A,1615
2XJJ,L81,A,1225
2XJJ,L81,B,1225
2XK7,30E,A,1280
2XM1,LTM,A,1717
2XM1,LTM,B,1716
2XNB,Y8L,A,1299
2XNP,WCX,A,1280
2XP4,G14,A,1165
2XP6,4G2,A,1165
2XSQ,IMP,A,1183
2XX2,13C,A,1215
2XX2,13C,B,1215
2XX2,13C,C,1215
2XX2,13C,D,1215
2XX3,TAE,A,1213
2XYB,AS8,A,518
2XZW,AKG,A,201
2XZW,AKG,C,201
2XZW,AKG,H,201
2XZW,AKG,I,201
2Y0C,UGA,A,501
2Y0C,UGA,B,501
2Y0C,UGA,C,501
2Y0C,UGA,D,501
2Y0E,UGA,A,501
2Y0E,UGA,B,501
2Y0E,UGA,C,501
2Y0E,UGA,D,501
2Y1F,34F,A,1390
2Y1O,T26,A,500
2Y3R,TIR,A,700
2Y3R,TIR,C,700
2Y3R,TRK,B,700
2Y3R,TRK,D,700
2Y4N,DLL,A,505
2Y4N,DLL,B,507
2Y4O,DLL,A,1441
2Y4O,DLL,B,1438
2Y5A,3AP,A,1295
2Y5F,XWG,A,1244
2Y5G,FJD,A,1244
2Y5H,Y5H,A,1244
2Y60,M8F,A,1332
2Y7X,MZA,A,1246
2Y7Z,C0Z,A,1245
2Y81,931,A,1244
2Y8E,GNP,B,1176
2YA8,G39,A,1777
2YA8,G39,B,1777
2YC3,MW5,A,1301
2YCA,ZM3,A,460
2YCP,P61,A,600
2YCP,P61,B,600
2YCP,P61,C,600
2YCP,P61,D,600
2YE3,VXX,A,1224
2YEK,EAM,C,1183
2YFD,UMP,A,1147
2YFD,UMP,C,1145
2YG2,S1P,A,301
2YI0,YI0,A,1225
2YI7,BZ8,A,1225
2YIV,YIV,X,5003
2YIW,YIW,A,1353
2YJA,EST,B,1550
2YJW,YJW,A,1224
2YJX,YJX,A,1224
2YK2,YJW,A,1224
2YK2,YJX,A,1225
2YK9,YK9,A,1224
2YKB,YKB,A,1224
2YKC,YKC,A,1224
2YKV,IK2,A,1445
2YKV,IK2,B,1447
2YNE,YNE,A,1001
2YNE,YNE,B,1001
2YNE,YNE,C,1001
2YOJ,8Y6,A,1569
2YOJ,8Y6,B,1564
2YPE,ACK,A,1382
2YQ9,2AM,A,1379
2Z1W,BDI,A,600
2Z24,DOR,A,1410
2Z25,DOR,A,1410
2Z25,NCD,B,2410
2Z26,DOR,A,1410
2Z26,DOR,B,1430
2Z27,DOR,A,1410
2Z28,DOR,A,1410
2Z29,DOR,A,1410
2Z4O,065,B,404
2Z4V,GRG,A,1401
2Z4V,GRG,B,1402
2Z4X,252,A,1101
2Z4X,252,B,1102
2Z7K,BGU,A,400
2Z94,TLD,A,902
2ZC9,22U,H,1501
2ZDA,32U,H,1000
2ZDT,46C,A,901
2ZGB,21U,H,1801
2ZNT,DYH,A,1
2ZNU,NDZ,A,1
2ZP1,IYR,A,501
2ZVP,A3P,X,1101
2ZVQ,1NP,X,501
2ZVQ,1NP,X,502
2ZVQ,A3P,X,301
2ZWT,CAM,A,422
2ZYJ,PGU,A,500
2ZYJ,PGU,B,500
2ZYW,A3P,X,501
2ZZ1,6CN,A,303
2ZZ1,6CN,B,304
2ZZ1,BMP,A,301
2ZZ1,BMP,B,302
2ZZ2,6CN,A,301
2ZZ2,6CN,B,302
2ZZ5,6CN,A,301
2ZZ5,6CN,B,302
3A1U,GNP,A,1
3A1U,GNP,B,2
3A2O,KNJ,B,999
3A35,RBF,A,191
3A3B,RBF,A,191
3A3G,DLZ,A,191
3A3Z,2MV,X,1
3A40,23R,X,1
3A5Y,KAA,A,1990
3A5Y,KAA,B,1991
3A5Y,KAA,C,1992
3A5Y,KAA,D,1993
3A6T,8OG,A,134
3A78,3EV,A,428
3A9Z,SLP,A,502
3A9Z,SLP,B,503
3AC1,KZI,A,514
3ACD,IMP,A,552
3ACX,673,A,1001
3ADP,NAI,A,1001
3AEN,4LM,B,2002
3AEN,4LM,D,2003
3AFH,GSU,A,2001
3AMA,SKE,A,351
3ANN,SYE,A,800
3ANN,SYE,B,801
3AP1,A3P,A,1
3AP1,A3P,B,1
3ARN,MSJ,A,165
3ARN,MSJ,B,165
3ARN,MSJ,C,165
3ARP,DEQ,A,606
3ASX,D99,A,1
3ATQ,FDA,A,501
3ATR,FDA,A,501
3AU2,DGT,A,576
3AU9,FOM,A,701
3AU9,FOM,B,702
3AUN,YR4,A,1
3AYI,HCI,A,907
3AYI,HCI,B,1907
3AZ2,DS3,A,1
3B0T,MCZ,A,1
3B0X,DGT,A,583
3B0Y,DGT,A,576
3B1D,PLS,A,501
3B1D,PLS,B,501
3B1D,PLS,C,501
3B1D,PLS,D,501
3B1E,0JO,A,401
3B1E,0JO,B,401
3B1E,0JO,C,401
3B1E,0JO,D,401
3B1Q,NOS,A,401
3B1Q,NOS,B,401
3B1Q,NOS,C,401
3B1Q,NOS,D,401
3B1Q,NOS,E,401
3B1Q,NOS,F,401
3B1V,GGM,A,300
3B25,B2K,A,1
3B27,B2T,A,1
3B28,B2X,A,237
3B28,B2X,B,2
3B3C,PLU,A,500
3B3N,H4B,A,760
3B3N,H4B,B,760
3B3N,JI2,A,800
3B3N,JI2,B,800
3B65,3B6,A,1
3B67,B67,A,1
3B6D,FAE,A,510
3B7I,PLU,A,500
3B7L,M0N,A,901
3B7P,MTA,A,401
3B7P,MTA,B,402
3B7P,MTA,C,403
3B8X,G4M,A,500
3B8X,G4M,B,500
3B92,440,A,501
3BDJ,141,A,5101
3BDJ,141,B,5102
3BEX,PAU,A,248
3BEX,PAU,B,248
3BEX,PAU,C,248
3BEX,PAU,D,248
3BEX,PAU,E,248
3BEX,PAU,F,248
3BFX,A3P,A,4000
3BFX,A3P,A,4001
3BGB,LJG,B,2501
3BGQ,VX2,A,314
3BHT,MFR,A,299
3BHT,MFR,C,299
3BHX,BHX,A,1
3BHY,7CP,A,600
3BI0,BIX,A,1
3BK0,CNU,A,1000
3BK0,CNU,B,1001
3BLB,SWA,A,1048
3BM9,BXZ,A,1
3BMQ,AX5,A,270
3BMQ,AX5,B,271
3BMQ,AX5,C,271
3BMQ,AX5,D,270
3BPW,XMP,A,1000
3BPW,XMP,B,1000
3BQR,4RB,A,401
3BU1,HSM,A,301
3BVJ,XMP,A,2000
3BVJ,XMP,B,2000
3BWY,DNC,A,302
3BXD,INS,A,303
3BXO,UPP,A,239
3BXO,UPP,B,239
3C11,GDM,A,300
3C5H,GNP,A,301
3C6K,MTA,A,401
3C6K,MTA,B,401
3C6K,MTA,C,401
3C6K,MTA,D,401
3C78,FDD,X,185
3CAJ,EZL,A,265
3CAK,DPF,A,1
3CAK,EFS,B,906
3CBF,N5F,A,500
3CBF,N5F,B,501
3CCN,LKG,A,1
3CE6,ADN,A,500
3CE6,ADN,B,500
3CE6,ADN,C,500
3CE6,ADN,D,500
3CJ0,SX2,A,571
3CJ0,SX2,B,571
3CJ2,SX3,A,571
3CJ2,SX3,B,571
3CJ5,SX6,A,571
3CJ5,SX6,B,571
3CKL,A3P,A,601
3CKL,A3P,B,601
3COW,52H,A,401
3COW,52H,B,402
3CP6,RSX,A,401
3CQ5,PMP,A,401
3CQ5,PMP,B,401
3CS4,COV,A,1
3CSE,N22,A,302
3CSE,N22,B,302
3CTQ,337,A,1
3CX8,GSP,A,755
3CYW,017,A,201
3CYX,ROC,A,201
3CZ7,ACO,A,404
3CZV,AZM,A,263
3CZV,AZM,B,263
3D1X,ROC,A,201
3D1Z,017,B,201
3D20,017,A,201
3D4L,605,A,1521
3D4L,605,B,1521
3D50,OEV,A,1048
3D7G,MUD,A,1
3D7H,YC2,A,1
3D8W,D8W,A,301
3D9Z,D9Z,A,263
3DAA,PDD,A,285
3DAA,PDD,B,285
3DAZ,MZM,A,263
3DBP,NUP,A,1000
3DBP,NUP,B,1000
3DBU,D8W,A,301
3DC3,AZM,A,263
3DCC,D9Z,A,263
3DCS,MZM,A,263
3DCW,EZL,A,301
3DD0,EZL,A,301
3DD8,2C7,A,300
3DDC,GNP,A,500
3DDF,GB6,A,4001
3DDG,GB7,A,5001
3DDI,TYD,A,201
3DDI,TYD,B,201
3DHD,NMN,A,503
3DHD,NMN,B,503
3DHF,NMN,A,503
3DHF,NMN,B,503
3DHK,23U,H,1601
3DJ6,AK6,A,1
3DJ8,EXY,A,650
3DJ8,EXY,B,751
3DJK,G55,B,401
3DK1,G05,B,401
3DKJ,UNU,A,502
3DKJ,UNU,B,502
3DKL,UNU,A,504
3DKL,UNU,B,505
3DLT,BUA,A,245
3DN3,IBF,A,900
3DN4,PIH,A,900
3DN5,53N,A,600
3DN8,IBF,A,900
3DNA,PIH,A,900
3DNE,LL1,A,351
3DQ0,MZO,A,601
3DT7,SPV,A,900
3DT7,SPV,B,900
3DTB,PGA,A,900
3DTB,PGA,B,900
3DUX,64U,H,901
3DUY,AFJ,A,501
3DUY,AFJ,B,501
3DUY,AFJ,C,501
3DX0,MSN,A,1049
3DX1,YHO,A,1050
3DX2,MZB,A,1048
3DX3,YTB,A,1050
3DX4,GOO,A,1049
3E12,KD0,A,268
3E12,KD0,B,268
3E2R,TFB,A,2002
3E51,N35,A,579
3E51,N35,B,579
3E5H,GNP,A,201
3E5U,3C4,A,501
3E5U,3C4,B,503
3E5U,3C4,C,504
3E5U,3C4,D,502
3E63,5B2,A,1
3E79,I3C,A,500
3E7V,DZO,A,1
3E94,TBY,A,1
3EBL,GA4,A,401
3EBL,GA4,B,401
3EBL,GA4,C,401
3EBL,GA4,D,401
3EBL,GA4,E,401
3EBL,GA4,F,401
3EBZ,017,B,201
3EC0,GRL,A,201
3ECG,065,A,201
3EEL,53T,B,229
3EFQ,714,A,3001
3EFQ,714,B,4001
3EGT,722,A,3001
3EGT,722,B,4001
3EGW,MD1,A,1245
3EGW,MGD,A,1246
3EHW,DUP,A,777
3EHW,DUP,B,777
3EHW,DUP,C,777
3EHW,DUP,X,777
3EHW,DUP,Y,777
3EHW,DUP,Z,777
3EHY,TBL,A,1
3EI6,PL4,A,434
3EI6,PL4,B,433
3EI8,PL5,B,433
3EI9,PL6,A,433
3EI9,PL6,B,433
3EIG,MTX,A,200
3EJP,HN2,A,1049
3EJQ,HN3,A,1049
3EJR,HN4,A,1049
3EJS,HN5,A,1049
3EJT,HN6,A,1050
3EJU,HN7,A,1049
3EJX,ZDP,A,500
3EJX,ZDP,B,500
3EJX,ZDP,C,500
3EJX,ZDP,D,500
3EJX,ZDP,E,500
3EJX,ZDP,F,500
3ELD,SFG,A,293
3EM1,TYD,A,143
3EM1,TYD,B,143
3EMD,SFG,A,293
3EMT,DGI,A,201
3EMT,DGI,B,201
3ENA,DGI,A,201
3ENA,DGI,B,201
3EOS,PK2,A,400
3EPW,JMQ,A,1002
3EPW,JMQ,B,1003
3EPX,IMQ,A,1002
3EPX,IMQ,B,1003
3EQC,3BM,A,1
3ESS,18N,A,1
3ETN,CMK,A,500
3ETN,CMK,B,500
3ETN,CMK,C,500
3ETN,CMK,D,500
3EVM,YYY,A,201
3EVM,YYY,B,201
3EVO,TYD,B,161
3EWZ,CNU,B,481
3EWZ,CNU,B,482
3EWZ,CNU,B,483
3EWZ,CNU,B,484
3EX1,6CN,B,481
3EX2,6CN,A,481
3EX2,6CN,B,481
3EYH,IZA,A,2001
3F03,NYH,K,600
3F17,HS4,A,0
3F19,HS6,A,0
3F1A,HS7,A,0
3F2N,IZZ,A,800
3F46,I2C,A,359
3F47,I2C,A,359
3F66,GBL,A,3
3F66,GBL,A,4
3F66,GBL,A,5
3F66,GBL,B,1
3F66,GBL,B,1350
3F66,IHX,A,1
3F66,IHX,B,2
3F80,6HN,A,551
3F80,6HN,A,552
3FAT,AMQ,A,427
3FAT,AMQ,B,428
3FAT,AMQ,C,429
3FCQ,M3S,A,600
3FD5,AP2,A,393
3FD5,AP2,B,393
3FEE,QUS,A,741
3FGD,BYA,A,322
3FJ6,CIH,A,399
3FJX,S3P,A,428
3FJZ,GPF,A,429
3FK1,S3P,A,428
3FKL,FKL,A,361
3FKN,FKN,A,361
3FLK,NAI,A,402
3FLK,NAI,B,401
3FLK,NAI,C,402
3FLK,NAI,D,401
3FMD,IQB,A,1
3FMK,FMK,A,361
3FMM,XI2,A,361
3FMN,530,A,361
3FNQ,HPA,A,981
3FNQ,HPA,B,991
3FNQ,HPA,C,975
3FPF,MTA,A,301
3FPF,MTA,B,301
3FQF,55V,A,219
3FQL,79Z,A,571
3FRQ,ERY,A,195
3FRQ,ERY,B,195
3FUC,9D9,A,301
3FUC,9D9,B,301
3FUC,9D9,C,301
3FUU,ADN,A,0
3FUW,MTA,A,272
3FV1,DYH,A,1
3FV1,DYH,B,2
3FV2,NDZ,A,791
3FV2,NDZ,B,791
3FVG,MS8,A,901
3FVG,MS8,B,902
3FVK,8DX,A,1
3FVK,8DX,B,2
3FVO,8EP,A,1
3FVO,8EP,B,2
3FW3,ETS,A,302
3FW3,ETS,B,303
3FWF,CAM,A,420
3FWF,CAM,B,420
3FXW,F10,A,1
3FZH,3BH,A,401
3G0U,MDY,A,2
3G0W,LGB,A,1
3G1A,UP6,A,229
3G1A,UP6,B,229
3G1O,RF1,A,237
3G1V,5FU,A,501
3G1V,5FU,B,502
3G24,UP6,A,229
3G24,UP6,B,229
3G35,F13,A,1
3G35,F13,B,2
3G4A,UMP,A,303
3G4A,UMP,B,308
3G4A,UMP,C,313
3G4A,UMP,D,318
3G5A,APC,B,305
3G5A,APC,C,305
3G5A,APC,D,305
3G5A,APC,E,305
3G5A,APC,F,305
3GB6,P6F,A,327
3GB6,P6F,B,329
3GBA,DYH,A,258
3GBA,DYH,B,258
3GBA,DYH,C,258
3GBA,DYH,D,258
3GBE,NOJ,A,8000
3GC5,2MQ,A,400
3GCQ,1BU,A,401
3GDL,UP6,A,301
3GDL,UP6,B,301
3GDN,HBX,A,530
3GDN,HBX,B,533
3GHC,GHC,A,187
3GHW,GHW,A,187
3GI2,GHW,A,187
3GIQ,G01,A,481
3GIQ,G01,B,481
3GMZ,ORN,A,551
3GMZ,ORN,B,552
3GON,PMV,A,400
3GP0,NIL,A,1
3GUE,UPG,A,484
3GUE,UPG,B,492
3GUG,C2U,A,351
3GY4,PBZ,A,1
3GZ9,D32,A,1
3H5S,H5S,A,571
3H5S,H5S,B,571
3H5U,H5U,A,571
3H5U,H5U,B,571
3H61,ENL,A,0
3H61,ENL,D,0
3H98,B5P,A,571
3H98,B5P,B,571
3HAC,361,A,803
3HAC,361,B,804
3HEE,R5P,A,651
3HEE,R5P,B,0
3HGJ,HBA,A,1101
3HGJ,HBA,C,1103
3HGJ,HBA,D,1104
3HH3,B20,A,169
3HH5,B24,A,168
3HHU,819,B,501
3HK1,B64,A,132
3HKU,TOR,A,300
3HKW,IX6,A,579
3HKW,IX6,B,579
3HKW,IX6,C,579
3HLL,I45,A,401
3HMI,DKI,A,1
3HO9,N3A,A,413
3HOH,2GP,A,107
3HOH,2GP,D,111
3HS4,AZM,A,701
3HS4,AZM,A,702
3HSN,H4B,A,760
3HSN,H4B,B,1760
3HSN,HAR,A,770
3HSN,HAR,B,1770
3HT5,PMP,A,6236
3HT6,JZ0,A,167
3HT7,JZ1,A,167
3HT8,JZ2,A,167
3HTB,JZ4,A,167
3HTD,JZ5,A,166
3HTF,JZ6,A,166
3HTF,JZ6,A,167
3HXV,G5A,A,444
3HXW,SSA,A,442
3HXZ,A5A,A,442
3HXZ,A5A,B,442
3HXZ,A5A,C,442
3HXZ,A5A,D,442
3HY0,G5A,A,442
3HY0,G5A,B,442
3HZ5,Z64,A,237
3HZL,6PC,A,399
3I28,34N,A,999
3I3Q,AKG,A,401
3I3Q,AKG,B,402
3I3S,GNP,R,167
3I45,NIO,A,500
3I4V,3CE,A,282
3I4Y,35C,A,1
3I51,45C,A,1
3I6O,GR6,B,301
3I7C,BK2,A,701
3IBI,BOW,A,300
3IBU,O48,A,300
3IES,M24,A,552
3IGG,EFQ,A,999
3IGP,DT7,A,263
3IGZ,2PG,B,565
3IIM,DAT,A,175
3ILO,APC,A,171
3ILO,PH2,A,181
3IN3,472,A,1
3INF,X45,A,1
3IOI,1GW,A,355
3IP0,APC,A,171
3IP0,HHR,A,181
3IP0,HHS,A,182
3IP8,B85,A,249
3IPX,B86,A,262
3IQ7,5ID,A,799
3IT3,3AM,A,343
3IT3,3AM,B,343
3IU8,T03,A,289
3IU9,T07,A,288
3IVD,URI,A,603
3IVD,URI,B,603
3IVE,CTN,A,603
3IX3,OHN,A,200
3IX3,OHN,B,200
3IX4,TX1,A,174
3IX4,TX1,B,174
3IX4,TX1,C,174
3IX4,TX1,D,174
3IX4,TX1,E,174
3IX4,TX1,F,174
3IX4,TX1,G,174
3IX4,TX1,H,174
3IXL,PAC,A,5000
3JQC,JU2,A,270
3JQC,JU2,B,270
3JQC,JU2,C,270
3JQC,JU2,D,270
3JQF,AX2,A,270
3JQF,AX2,B,270
3JQF,AX2,C,272
3JQF,AX2,D,270
3JSZ,UPG,A,526
3JT4,H4B,A,760
3JT4,H4B,B,760
3JT8,H4B,A,760
3JT8,H4B,B,760
3JUC,PCA,A,1001
3JUM,AOD,A,500
3JUM,AOD,B,500
3JUN,AJD,A,500
3JUN,AJD,B,500
3JUN,AKD,A,600
3JUN,AKD,B,600
3JUP,AKD,A,500
3JUP,AKD,B,500
3JWU,H4B,A,760
3JWU,H4B,B,760
3JWX,H4B,A,600
3JWX,H4B,B,600
3JZ0,APC,A,738
3JZ0,APC,B,738
3K1W,BFX,A,342
3K1W,BFX,B,342
3K37,BCZ,A,468
3K37,BCZ,B,468
3K3I,JZJ,A,1
3K5E,K5E,A,369
3K5E,K5E,B,369
3K5V,STI,A,2
3K5V,STI,B,2
3K8Y,GNP,A,528
3K9L,GNP,B,202
3K9L,GNP,C,203
3KCZ,3AB,A,1
3KCZ,3AB,B,1
3KDB,006,B,100
3KDD,JZQ,A,100
3KDM,TES,B,226
3KDM,TES,H,226
3KE9,IPE,A,998
3KE9,IPE,B,998
3KEF,DMA,A,998
3KEF,DMA,B,998
3KEM,IPE,A,998
3KEM,IPE,B,998
3KFA,B91,A,1
3KFA,B91,B,1
3KFI,25R,A,301
3KFL,ME8,A,801
3KFX,MCY,A,402
3KFX,MCY,B,502
3KGC,LY7,A,264
3KGC,ZK1,B,263
3KI3,G9H,A,1
3KI7,G9I,A,1
3KIG,DA9,A,503
3KJD,78P,A,1
3KJD,78P,B,1
3KKO,GNP,A,179
3KKU,B95,A,216
3KL6,443,A,1
3KM8,9DI,A,353
3KM8,9DI,B,353
3KMR,EQN,A,1
3KQJ,UD1,A,450
3KQR,OPE,B,1700
3KQR,OPE,C,2700
3KQR,OPE,D,3700
3KQR,OPE,E,4700
3KR6,UD1,A,450
3KRO,DST,D,2002
3KT7,AKG,A,702
3KTL,GTX,A,5100
3KTL,GTX,B,5200
3KU0,ADE,A,800
3KU0,ADE,B,801
3KUH,APC,A,171
3KUH,PH2,A,181
3KV2,NNH,A,901
3KV2,NNH,B,902
3KVJ,DOR,A,399
3KVL,DOR,A,399
3KVM,DOR,A,399
3KZZ,OBG,A,181
3L0K,6AU,A,257
3L0K,6AU,B,257
3L14,I7B,A,301
3L3X,DHT,A,1
3L3Z,DHT,A,1
3L5U,ZEC,C,123
3L77,NJP,A,501
3L7D,DK5,A,843
3L8Z,GNP,A,201
3L9L,L9L,A,351
3L9L,L9L,B,351
3LB1,IOL,A,191
3LB1,IOL,B,192
3LBH,GNP,A,528
3LBN,GNP,A,528
3LE7,ADE,A,501
3LE7,ADE,B,601
3LE8,2B5,A,301
3LE8,2B5,B,301
3LEN,ZST,A,600
3LFF,Z83,A,362
3LHU,BMQ,A,229
3LHU,BMQ,B,229
3LHV,BMQ,A,229
3LHV,BMQ,B,229
3LHV,BMQ,C,229
3LHV,BMQ,D,229
3LHW,BMQ,A,229
3LHW,BMQ,B,229
3LHY,BMQ,A,229
3LHY,BMQ,B,229
3LHZ,BMQ,A,229
3LHZ,BMQ,B,229
3LI1,BMQ,A,229
3LI1,BMQ,B,229
3LK8,Z79,A,0
3LLD,UP6,A,229
3LLD,UP6,B,229
3LLU,GNP,A,501
3LNC,5GP,A,300
3LNC,5GP,B,300
3LPB,NVB,B,1133
3LQS,PSZ,A,595
3LQS,PSZ,B,585
3LT0,FT1,A,502
3LT0,FT1,B,602
3LTH,UD1,A,450
3LTP,BMP,A,229
3LTP,BMP,B,229
3LTY,BMP,A,229
3LTY,BMP,B,229
3LUJ,U5P,A,1
3LUJ,U5P,B,1
3LUJ,U5P,C,1
3LV5,BMP,A,229
3LV5,BMP,B,229
3LV6,BMP,A,229
3LV6,BMP,B,229
3LV8,TYD,A,215
3LXK,MI1,A,1125
3LY0,LY0,A,363
3LY0,LY0,B,363
3LZS,017,A,200
3LZU,017,A,200
3M04,BE9,A,502
3M0I,ZST,A,600
3M0J,OAF,A,501
3M14,BEV,A,505
3M1K,BEW,A,502
3M1Z,BMP,A,229
3M1Z,BMP,B,229
3M2N,J74,A,262
3M2V,XP8,A,554
3M2V,XP8,D,553
3M2X,BEX,A,502
3M2Y,BE0,A,504
3M6F,BJZ,A,1
3M6G,LO3,A,600
3M6G,LO3,B,600
3M8U,GDS,A,1
3M96,E38,A,265
3MC5,393,A,600
3MDM,FJZ,A,506
3MEQ,NAI,A,601
3MG3,ECH,A,351
3MG3,ECH,B,351
3MHI,J90,A,263
3MHU,EJZ,A,314
3MHU,EJZ,B,314
3MI2,PFU,A,1
3MI2,PFU,B,1
3MJY,IJZ,A,314
3MJY,IJZ,B,314
3MK6,ACO,A,1901
3MK6,ACO,B,1902
3MK6,ACO,C,1903
3MK6,ACO,D,1904
3ML1,MGD,A,1803
3ML1,MGD,A,1804
3MMF,D9H,A,263
3MMH,SME,A,168
3MMH,SME,B,168
3MMS,Q88,A,231
3MN5,LAB,A,376
3MNE,DEX,A,784
3MNO,DEX,A,784
3MNP,DEX,A,784
3MOE,SPV,A,1200
3MPT,1GK,A,361
3MQH,MJZ,A,191
3MQH,MJZ,B,191
3MQH,MJZ,C,192
3MQH,MJZ,D,191
3MQH,MJZ,E,191
3MQH,MJZ,F,192
3MRX,17S,A,998
3MS5,REE,A,391
3MS9,MS9,A,516
3MS9,MS9,B,516
3MSA,B3R,A,401
3MSA,B3R,A,402
3MSN,NMU,A,601
3MVX,BHZ,A,504
3MVX,BHZ,B,504
3MXD,K53,A,200
3MXE,K54,A,200
3MYK,BIT,X,800
3MYQ,E27,A,266
3MZC,S6I,A,263
3N0H,TOP,A,187
3N0N,P9B,A,263
3N19,FNR,B,1401
3N19,FNR,D,1401
3N1S,5GP,A,201
3N1S,5GP,E,203
3N1S,5GP,F,202
3N1S,5GP,J,204
3N1S,5GP,N,206
3N2M,FNU,A,324
3N2M,FNU,B,324
3N2R,H4B,A,760
3N2R,H4B,B,760
3N34,FNU,A,1000
3N34,FNU,B,1001
3N3J,WWV,A,263
3N3M,NUP,A,2000
3N3M,NUP,B,2001
3N45,ZOL,F,354
3N4B,WWZ,A,263
3N7O,N7O,A,1
3N9R,TD3,A,311
3N9R,TD3,B,311
3N9R,TD3,K,311
3N9R,TD3,P,311
3N9R,TD3,U,311
3N9R,TD3,Z,311
3N9R,TD3,e,311
3N9R,TD3,j,311
3N9S,TD4,A,308
3NAX,MP7,A,363
3NDJ,JHZ,A,418
3NEM,AMO,A,439
3NG7,HNL,X,433
3NHF,VVV,A,232
3NHF,VVV,B,231
3NI2,AYL,A,537
3NJ1,P2M,A,301
3NJ1,PYV,A,300
3NKK,JLZ,A,1
3NKV,GNP,B,400
3NLI,H4B,A,600
3NLI,H4B,B,600
3NLI,JRR,A,800
3NLI,JRR,B,800
3NLM,H4B,A,760
3NLM,H4B,B,760
3NLX,H4B,A,760
3NLX,H4B,B,760
3NLZ,H4B,A,760
3NLZ,H4B,B,760
3NM0,H4B,A,760
3NM0,H4B,B,760
3NM5,FMC,A,501
3NM5,FMC,B,502
3NM6,ADE,B,231
3NNW,EDD,A,355
3NPR,PS7,A,1001
3NQ7,BMP,A,229
3NQ7,BMP,B,229
3NQE,BMP,A,229
3NQE,BMP,B,229
3NQF,BMP,A,229
3NQF,BMP,B,229
3NRR,UMP,A,525
3NRR,UMP,B,525
3NS9,NS9,A,0
3NT1,NPS,A,5
3NT1,NPS,B,4
3NTE,I3M,A,234
3NTE,I3M,B,227
3NTY,5P3,A,350
3NU0,3TU,A,188
3NU3,478,B,401
3NUO,478,B,478
3NVS,GPJ,A,429
3NVS,S3P,A,427
3NVS,SKM,A,428
3NXY,D2H,A,188
3NYV,DTQ,A,701
3O15,3NM,A,236
3O2G,NM2,A,391
3O5A,MGD,A,1803
3O5A,MGD,A,1804
3O7U,O7U,A,430
3O94,NCA,A,192
3O94,NCA,B,192
3O94,NCA,C,192
3O94,NCA,D,192
3O99,K13,A,200
3O9A,K14,A,200
3O9B,K2A,A,200
3O9C,K20,A,200
3O9D,K19,A,200
3O9E,A60,A,200
3O9F,K2D,A,200
3O9I,A61,A,200
3OCC,DIH,A,500
3OCC,DIH,B,500
3OCC,DIH,C,500
3OCC,DIH,D,500
3OCC,DIH,E,500
3OCC,DIH,F,500
3OCS,746,A,999
3OCU,NMN,A,2003
3OCX,2AM,A,263
3OCZ,SRA,A,264
3OE4,610,A,223
3OE5,611,A,223
3OEM,OEM,A,287
3OF3,DIH,A,500
3OF3,DIH,B,500
3OF3,DIH,C,500
3OF3,DIH,D,500
3OF3,DIH,E,500
3OF3,DIH,F,500
3OF3,DIH,G,500
3OF3,DIH,H,500
3OF3,DIH,I,500
3OF3,DIH,J,500
3OF3,DIH,K,500
3OF3,DIH,L,500
3OGP,017,A,200
3OGP,017,B,200
3OID,TCL,A,601
3OID,TCL,B,603
3OID,TCL,C,604
3OID,TCL,D,602
3OIG,IMJ,A,301
3OIM,VZ5,A,263
3OIU,GNP,A,201
3OIV,GNP,A,201
3OIW,GNP,A,528
3OK9,G52,A,401
3OLF,OLF,A,1
3OLF,OLF,C,2
3OLL,EST,A,600
3OLL,EST,B,600
3OMK,OMK,A,1
3OMK,OMK,C,2
3OMQ,W23,A,1
3OMQ,W23,B,1
3ONI,JQ1,A,1
3OQ6,NAJ,A,377
3OQ6,NAJ,B,377
3OQ6,PFB,A,378
3OQ6,PFB,B,378
3ORI,AGS,A,340
3ORI,AGS,B,440
3ORI,AGS,C,540
3ORI,AGS,D,640
3ORO,AGS,A,340
3ORT,AGS,A,340
3OT3,22K,A,1
3OTI,C0T,A,378
3OTI,C0T,B,378
3OTI,TYD,A,377
3OTI,TYD,B,377
3OUI,42Z,A,393
3OVQ,5RP,A,230
3OVQ,5RP,B,230
3OVV,1SB,A,2001
3OW6,MEX,A,1
3OWN,3OW,B,501
3OWN,3OX,A,500
3OWP,2SB,A,2001
3OY4,017,B,200
3OYR,DMA,B,336
3OYR,DMA,B,339
3OYS,OYS,A,263
3OZF,HPA,A,232
3OZF,HPA,B,232
3OZF,HPA,C,232
3OZF,HPA,D,235
3OZG,SSI,A,232
3OZG,SSI,B,233
3OZG,SSI,C,232
3OZG,SSI,D,232
3P0E,BAU,A,400
3P0E,BAU,B,400
3P0E,BAU,C,400
3P0E,BAU,D,400
3P0E,BAU,E,400
3P0E,BAU,F,400
3P41,DMA,A,299
3P41,DMA,A,300
3P48,DUP,B,148
3P55,670,A,300
3P5A,IT2,A,263
3P5P,A3C,A,911
3P5Y,BMP,A,229
3P5Y,BMP,B,229
3P5Z,BMP,A,229
3P5Z,BMP,B,229
3P60,BMP,A,229
3P60,BMP,B,229
3P61,BMP,A,229
3P61,BMP,B,229
3P7I,P7I,A,313
3P7Y,P7Y,A,402
3P81,P81,A,402
3P8X,ZYD,A,1
3PBU,UP6,A,229
3PBU,UP6,B,229
3PBV,UP6,A,229
3PBV,UP6,B,229
3PBW,UP6,A,229
3PBW,UP6,B,229
3PBY,UP6,A,229
3PBY,UP6,B,229
3PC0,UP6,A,229
3PC0,UP6,B,229
3PC3,P1T,A,702
3PCW,FBF,A,2001
3PDE,DMA,A,309
3PDE,DMA,A,310
3PDE,DMA,B,309
3PDE,DMA,B,312
3PDE,DMA,C,309
3PDE,DMA,C,310
3PDE,DMA,D,309
3PDE,DMA,D,312
3PE1,3NG,A,338
3PE6,ZYH,A,304
3PKB,Y16,A,286
3PLD,F90,A,2001
3PLL,F06,A,2001
3PLR,NAI,A,900
3PN1,IVH,A,319
3PNF,H4B,A,760
3PNF,H4B,B,760
3PNG,H4B,A,760
3PNG,H4B,B,760
3PNH,H4B,A,600
3PNH,H4B,B,600
3PO6,DT9,A,262
3POO,S69,A,2001
3POT,COM,A,556
3POT,COM,D,555
3POT,TXZ,A,557
3POT,TXZ,D,554
3PR2,7MN,B,2
3PR2,F9F,A,1
3PSY,RB9,A,1001
3PWM,017,B,402
3PWR,ROC,A,401
3PWS,A2P,B,368
3PX8,JP2,X,1
3PXF,2AN,A,305
3PXZ,2AN,A,300
3PYY,3YY,A,538
3PYY,3YY,B,532
3Q0W,LL5,A,217
3Q3J,GNP,B,500
3Q3K,D90,A,700
3Q3S,O8B,A,217
3Q4U,LDN,B,1
3Q4U,LDN,C,4
3Q4U,LDN,D,2
3Q6J,COM,B,525
3Q6J,KPC,A,526
3Q7A,778,B,3012
3Q7A,FPP,B,3011
3Q80,CDM,A,500
3QAA,G04,A,401
3QBT,GNP,A,200
3QBT,GNP,C,200
3QBT,GNP,E,200
3QBT,GNP,G,200
3QC4,MP7,A,1
3QC4,MP7,B,2
3QD0,3Q4,A,370
3QD3,3Q5,A,360
3QDD,94M,A,999
3QEZ,BMP,A,229
3QEZ,BMP,B,229
3QF0,BMP,A,229
3QF0,BMP,B,229
3QGI,33F,A,601
3QMR,BMP,A,229
3QMR,BMP,B,229
3QMS,BMP,A,229
3QMS,BMP,B,229
3QMT,BMP,A,229
3QMT,BMP,B,229
3QN1,A8S,A,192
3QO8,SSA,A,486
3QQK,X02,A,497
3QRO,NK9,A,100
3QTI,3QT,A,1
3QTI,3QT,B,1
3QTQ,X35,A,476
3QTR,X36,A,497
3QTU,X44,A,451
3QTW,X3A,A,451
3QTX,X43,A,299
3QTZ,X42,A,453
3QU0,X40,A,454
3QUD,N3F,A,361
3QUO,FCN,A,4001
3QWW,SFG,A,434
3QXM,NDZ,A,301
3QXM,NDZ,B,302
3QXP,X64,A,300
3QYW,6PB,A,359
3QYY,C2E,A,487
3QYZ,Z8B,A,359
3R02,UNM,A,555
3R0T,FU9,A,338
3R16,5UN,A,1
3R17,5UM,B,1
3R3V,FAH,A,305
3R3W,R3W,A,305
3R3X,BXA,A,305
3R43,ID8,A,332
3R4M,WOE,A,501
3R4P,FU7,A,901
3R6I,JMS,A,332
3R72,NBB,A,1
3R8H,ZOM,A,332
3R95,ACO,A,601
3R96,ACO,A,400
3R9D,X6B,A,590
3RAB,GNP,A,200
3RAK,03Z,A,497
3RAL,04Z,A,499
3RE4,TO1,A,259
3RE4,TO1,B,259
3REG,GSP,A,538
3REG,GSP,B,538
3RHK,M97,A,1
3RHK,M97,B,1
3RIE,MTA,A,401
3RIE,MTA,B,401
3RIE,MTA,C,401
3RIX,923,A,552
3RK9,09Z,A,483
3RKB,12Z,A,457
3RLB,VIB,A,191
3RLB,VIB,B,187
3RLJ,RLJ,A,1
3RLL,RLL,A,1
3RLP,3RP,A,901
3RLP,3RP,B,901
3RLQ,3RQ,A,901
3RLQ,3RQ,B,901
3RLR,3RR,A,901
3RLR,3RR,B,901
3RLU,BMP,A,229
3RLU,BMP,B,229
3RLV,BMP,A,229
3RLV,BMP,B,229
3RM4,3RM,A,1
3RM4,3RM,B,1
3RMF,20Z,A,496
3RMW,UPG,A,263
3RN8,RN8,A,281
3RNN,RNN,A,280
3RPV,26Z,A,495
3RPY,27Z,A,470
3RQJ,H4B,A,760
3RQJ,H4B,B,760
3RQM,H4B,A,760
3RQM,H4B,B,760
3RQN,H4B,A,760
3RQN,H4B,B,760
3RRY,GNP,A,190
3RRZ,GNP,A,190
3RS0,GNP,A,190
3RS2,GNP,A,190
3RS3,GNP,A,190
3RS4,GNP,A,190
3RS5,GNP,A,190
3RS7,GNP,A,190
3RSL,GNP,A,190
3RSO,GNP,A,190
3RTF,CWD,B,800
3RTF,CWD,D,800
3RTF,CWD,F,800
3RTS,KLG,A,0
3RUX,BS5,A,1001
3RWM,GNP,B,200
3RWP,ABQ,A,360
3RX5,G2I,A,604
3RYJ,RYJ,B,1
3RYV,RYV,B,1
3RYX,RYX,B,1
3RYY,RYY,A,262
3RYZ,RYZ,A,262
3RZ0,RZ0,B,1
3RZ1,RZ1,B,1
3RZ5,RZ5,A,262
3RZ7,RZ7,A,262
3RZ8,RZ8,A,262
3RZP,PRF,A,290
3RZP,PRF,B,290
3RZP,PRF,C,290
3RZP,PRF,D,290
3S0E,EOL,A,120
3S0K,03F,A,210
3S1G,ITE,A,501
3S1H,56Z,A,479
3S2J,L3A,A,401
3S2L,LDE,A,401
3S2M,P5D,A,401
3S2N,P4D,A,401
3S3I,CQ0,A,1
3S3V,TOP,A,187
3S45,478,B,201
3S4J,UNV,A,901
3S53,017,A,201
3S68,TCW,A,227
3S71,EVD,B,1
3S72,EVE,B,1
3S73,EVF,B,1
3S74,03T,B,263
3S75,EVG,B,1
3S76,EVH,A,262
3S77,EVI,B,1
3S7O,LBV,A,330
3S8X,E59,A,266
3S9I,XI7,A,742
3S9T,E49,A,266
3S9Y,FNU,A,324
3S9Y,FNU,B,324
3S9Y,FNU,C,324
3S9Y,FNU,D,324
3S9Z,I92,A,803
3SA3,23X,B,101
3SA8,K83,A,200
3SA9,A68,A,200
3SAD,040,A,802
3SAX,E50,A,263
3SBI,E90,A,266
3SCZ,HPA,A,269
3SCZ,HPA,B,269
3SDR,210,A,822
3SDT,AHD,A,822
3SE9,BU3,G,1030
3SEA,GNP,B,179
3SG0,173,A,384
3SIG,AR6,A,280
3SIZ,BMP,A,229
3SIZ,BMP,B,229
3SJ3,BMP,A,229
3SJ3,BMP,B,229
3SJF,JRG,A,1
3SJH,LAR,A,503
3SJQ,PHU,A,2001
3SJQ,PHU,B,2001
3SKA,053,A,578
3SKA,053,B,577
3SKE,054,A,578
3SKE,054,B,577
3SLB,ACO,A,266
3SLB,ACO,B,266
3SLB,ACO,C,266
3SLB,ACO,D,266
3SLH,GPJ,A,444
3SLH,GPJ,B,442
3SLH,GPJ,C,442
3SLH,GPJ,D,441
3SLI,SKD,A,760
3SQQ,99Z,A,456
3SRV,S19,A,1
3SRV,S19,B,2
3ST5,G89,B,201
3SU0,TSV,A,100
3SUR,NGT,A,2000
3SUS,GNL,A,2000
3SUV,NOK,A,2000
3SUW,GC2,A,2000
3SW8,5LI,P,205
3SWA,UD1,A,425
3SWA,UD1,B,426
3SWO,FDA,A,500
3SWO,FDA,B,500
3SWO,FDA,C,500
3SWO,FDA,D,500
3SWQ,EPU,A,440
3SXS,PP2,A,1
3SY5,UP6,A,229
3SY5,UP6,B,229
3SZO,H6P,A,998
3SZO,H6P,B,998
3SZU,H6P,A,998
3SZU,H6P,B,998
3T02,PAE,A,503
3T0F,H6P,A,998
3T0F,H6P,B,998
3T42,3T4,A,317
3T44,IGP,A,300
3T4J,ZIP,A,400
3T4J,ZIP,B,400
3T4L,ZEA,A,400
3T4L,ZEA,B,400
3T4S,H35,A,400
3T4S,H35,B,400
3T4V,MD3,A,401
3T6I,Z82,A,2002
3T7V,MD0,A,993
3TA2,AKG,A,120
3TA2,AKG,B,120
3TD8,D2R,A,302
3TDJ,3TJ,B,265
3TDJ,3TJ,B,400
3TFU,PL8,A,501
3TFU,PL8,B,501
3TG2,ISC,A,501
3THD,DGJ,A,900
3THD,DGJ,B,900
3THD,DGJ,C,900
3THD,DGJ,D,900
3THQ,NUP,A,1000
3THQ,NUP,B,1000
3TKF,I22,A,322
3TKG,ROC,B,801
3TKG,ROC,C,901
3TKM,GW0,A,1
3TMK,T5A,B,217
3TMK,T5A,D,217
3TMK,T5A,F,217
3TMK,T5A,H,217
3TNL,SKM,A,293
3TNL,SKM,C,293
3TPP,5HA,A,999
3TQ8,TOP,A,2001
3TR9,PT1,A,1001
3TR9,PT1,B,1001
3TR9,PT1,C,1001
3TR9,PT1,D,1001
3TSJ,FDA,A,601
3TSJ,FDA,B,601
3TSO,GNP,A,201
3TSO,GNP,B,201
3TUH,TUH,A,1
3TUH,TUH,B,2
3TX6,ENO,A,386
3TYM,H4B,A,760
3TYM,H4B,B,760
3TYN,H4B,A,760
3TYN,H4B,B,760
3TYO,H4B,A,760
3TYO,H4B,B,760
3TYV,HI3,A,578
3TYV,HI3,B,577
3TZM,085,A,1
3U0Y,GTI,A,401
3U0Y,GTI,B,401
3U15,03M,A,1
3U15,03M,B,1
3U15,03M,C,1
3U15,03M,D,1
3U3O,A3P,A,298
3U4O,08E,A,579
3U4O,08E,B,579
3U6Z,ADE,A,248
3U70,ADE,A,248
3U7R,FNR,A,201
3U7R,FNR,B,201
3U8D,U8D,A,201
3U8D,U8D,B,201
3U96,CSN,A,1
3UAG,UMA,A,450
3UAN,A3P,A,603
3UAN,A3P,B,603
3UCB,017,A,201
3UCC,2PG,A,601
3UCC,2PG,B,601
3UCD,2PG,A,601
3UCJ,AZM,A,229
3UCJ,AZM,B,229
3UDD,34M,A,1
3UDD,34M,B,1
3UDP,09D,A,501
3UDR,09F,A,501
3UDY,09G,A,501
3UES,DFU,A,501
3UES,DFU,B,501
3UFW,H4B,A,760
3UFW,H4B,B,760
3UFY,NPX,A,701
3UH0,TSB,A,1002
3UH4,XAV,B,1
3UHF,DGL,A,260
3UHF,DGL,B,260
3UJ8,SFG,A,300
3UJ9,PC,A,301
3UJA,OPE,A,501
3UJB,OPE,A,501
3UJB,OPE,B,501
3UJC,PC,A,301
3UJD,PC,A,301
3UJE,2PG,A,503
3UJR,2PG,A,503
3UJS,0V5,B,602
3UJS,XSP,A,602
3UK0,ENO,A,501
3UKJ,ENO,A,401
3UNJ,0BX,A,299
3UOP,PMJ,A,302
3UPK,UD1,A,427
3UPR,1KX,A,277
3UPR,1KX,C,277
3UPW,NCA,A,412
3UQU,ZPX,A,394
3UQX,ZPZ,A,401
3URK,0CG,A,318
3URK,0CG,B,318
3UT6,FMC,A,300
3UT6,FMC,C,300
3UTC,0JX,A,318
3UTC,0JX,B,318
3UTD,0CJ,A,318
3UTD,0CJ,B,318
3UTU,1TS,H,901
3UUD,EST,A,600
3UUD,EST,B,600
3UV3,0CM,A,318
3UV3,0CM,B,318
3UV6,0CH,A,318
3UV6,0CH,B,318
3UV7,0CN,A,318
3UV7,0CN,B,318
3UVC,0D2,A,314
3UWE,VJJ,A,701
3UWK,0DF,A,800
3UWK,0DF,B,801
3UWO,0DJ,A,800
3UWO,0DJ,B,801
3UWQ,U5P,A,232
3UWQ,U5P,B,232
3UXH,UXH,A,303
3UXH,UXH,B,302
3UXM,0DN,A,800
3UXM,0DN,B,801
3UXM,0DN,C,802
3UXM,0DN,D,803
3UZ5,0CU,A,291
3UZ5,0CU,B,291
3V0L,2GW,A,450
3V0M,BHE,B,475
3V0O,4GW,A,402
3V0O,4GW,B,402
3V0P,4GW,A,402
3V0P,4GW,B,402
3V0S,ATR,A,401
3V1P,BMP,A,229
3V1P,BMP,B,229
3V1V,GST,A,511
3V1X,0FV,A,503
3V2J,AZM,A,302
3V3L,V3L,A,1
3V3L,V3L,B,1
3V4A,PK1,A,950
3V4F,GNP,A,190
3V5G,0F3,A,800
3V7Z,GEM,A,405
3V8D,0GV,A,602
3V8D,0GV,B,602
3VBJ,3HC,A,310
3VBJ,3HC,C,310
3VBJ,3HC,E,310
3VBL,0FX,A,1500
3VBL,0FX,C,1500
3VBL,0FX,E,1500
3VBM,TYD,A,301
3VBM,TYD,C,301
3VBM,TYD,E,301
3VBQ,0F5,A,555
3VC1,GST,A,303
3VC1,GST,B,303
3VC1,GST,C,303
3VC1,GST,D,303
3VC1,GST,E,303
3VC1,GST,F,303
3VC1,GST,G,303
3VC1,GST,H,303
3VC1,GST,I,303
3VC1,GST,J,303
3VC1,GST,K,303
3VC1,GST,L,303
3VC3,C6P,A,501
3VC3,C6P,B,501
3VC3,C6P,C,501
3VC3,C6P,D,501
3VC3,C6P,E,501
3VC3,C6P,F,501
3VCY,UD1,A,501
3VCY,UD1,B,501
3VCY,UD1,C,501
3VCY,UD1,D,501
3VE7,BMP,A,301
3VE7,BMP,B,301
3VEH,0GA,A,501
3VEH,0GA,B,501
3VEH,0GA,C,501
3VEH,0GA,D,501
3VEX,CA0,A,602
3VF3,0GS,A,401
3VF6,0H6,A,502
3VFA,031,A,201
3VFB,031,A,201
3VGW,NVZ,A,1124
3VGW,NVZ,B,1124
3VGW,NVZ,C,1124
3VGW,NVZ,D,1124
3VGW,NVZ,E,1124
3VGW,NVZ,F,1124
3VGW,NVZ,G,1124
3VGW,NVZ,H,1124
3VHD,VHE,B,1
3VHE,42Q,A,1170
3VHV,LD1,A,1
3VIG,NOJ,A,507
3VK5,FPQ,A,900
3VK5,FPQ,B,900
3VKB,FPS,A,900
3VKB,FPS,B,900
3VKC,FPQ,A,900
3VKC,FPQ,B,900
3VKD,FPQ,B,900
3VKJ,FNR,A,401
3VKJ,FNR,B,401
3VKJ,FNR,C,401
3VKJ,FNR,D,401
3VMK,IPM,A,401
3VMK,IPM,B,401
3VNT,0JA,A,2001
3VO3,0KF,A,2001
3VQS,JT1,A,1000
3VQS,JT1,B,601
3VQS,JT1,C,601
3VQS,JT1,D,1000
3VRJ,1KX,A,301
3VRV,YSD,A,501
3VT7,VDX,A,500
3VTC,TK3,A,500
3VVH,4BM,A,703
3VVH,4BM,B,503
3VVH,4BM,C,503
3W0Y,DS4,A,501
3W1A,FOT,A,403
3W1A,FOT,B,402
3W1L,HRO,A,403
3W1L,HRO,B,402
3W1M,RRO,A,403
3W1M,RRO,B,402
3W1P,ERO,A,403
3W1P,ERO,B,402
3W1Q,YRO,A,403
3W1Q,YRO,B,402
3W1R,MRO,A,403
3W1R,MRO,B,402
3W1X,XRO,A,401
3W1X,XRO,B,401
3W2K,KRO,A,401
3W2K,KRO,B,401
3W2L,VRO,A,401
3W2L,VRO,B,401
3W2N,ROD,A,401
3W2N,ROD,B,401
3W2S,W2R,A,1101
3W34,CTN,A,301
3W34,CTN,B,301
3W3J,C09,A,1014
3W3J,C09,B,901
3W5Q,3KL,A,500
3W6N,GNH,A,801
3W6N,GNH,B,801
3W7G,W7G,A,401
3W7G,W7G,B,401
3W7J,W7J,A,401
3W7J,W7J,B,401
3W7O,W7O,A,401
3W7O,W7O,B,401
3W7Q,W7Q,A,401
3W7Q,W7Q,B,401
3W8D,DXX,A,302
3W9R,A8S,A,201
3WAR,NIO,A,401
3WC5,DDK,A,403
3WF7,FS9,A,402
3WF8,F76,A,402
3WFG,WFG,A,1001
3WGP,ED9,A,501
3WH8,IFM,A,502
3WHA,WHA,A,302
3WHA,WHA,B,301
3WLV,AZA,A,401
3WLV,AZA,B,401
3WLV,AZA,C,401
3WLV,AZA,D,401
3WQR,LSX,A,503
3WQR,LSX,B,505
3WRJ,CAM,A,503
3WRJ,CAM,E,503
3WRM,CAM,A,503
3WRM,CAM,F,503
3WV3,WLL,A,308
3WV3,WLL,B,308
3WYM,3K9,A,1003
3WYP,BSO,B,1001
3WYP,BSO,C,1001
3WZD,LEV,A,1201
3WZE,BAX,A,1201
3WZO,ZOE,C,201
3WZO,ZOE,D,201
3WZP,ZOF,A,201
3WZP,ZOF,B,201
3WZP,ZOF,C,201
3WZP,ZOF,D,201
3X36,41W,A,501
3ZCT,VMP,A,1840
3ZEU,AGS,B,1342
3ZEU,AGS,E,1341
3ZGL,10E,A,1311
3ZGL,10E,B,1311
3ZGN,10G,A,1310
3ZGN,10G,B,1311
3ZKP,ERB,A,413
3ZMC,GPP,A,1295
3ZMC,GPP,B,1292
3ZMG,6Z0,A,1448
3ZO1,SIJ,A,1351
3ZO2,15I,A,1351
3ZOD,HQE,A,1173
3ZOI,M2W,A,1332
3ZPO,K0I,A,1900
3ZPO,K0I,B,1900
3ZRQ,PMP,A,500
3ZRQ,PMP,B,500
3ZRR,PXG,A,470
3ZRR,PXG,B,470
3ZT2,ZT2,A,1216
3ZT2,ZT2,B,1214
3ZU5,NAI,A,1400
3ZXH,E41,B,401
3ZXZ,KRW,A,2345
4A03,F98,A,501
4A03,F98,B,501
4A2B,AGS,A,1393
4A5S,N7F,A,901
4A5S,N7F,B,901
4A6V,IKY,A,1268
4A6V,IKY,B,1264
4A6W,5C1,A,1265
4A8T,PAO,A,1318
4AAA,DKI,A,500
4ACF,P3S,A,1483
4ACF,P3S,B,1483
4ACF,P3S,C,1483
4ACF,P3S,D,1483
4ACF,P3S,E,1483
4ACF,P3S,F,1483
4AFH,L0B,A,1216
4AFH,L0B,B,1218
4AFH,L0B,C,1218
4AFH,L0B,D,1218
4AFH,L0B,E,1218
4AG8,AXI,A,2000
4AGC,AXI,A,2000
4AJH,2B4,B,1334
4AJH,2B4,C,1336
4AJJ,88S,A,1332
4AJJ,88S,B,1332
4AJJ,88S,C,1334
4AJJ,88S,D,1332
4AJX,RCO,B,1030
4AJX,RCO,D,1029
4AJX,RCO,E,1022
4AJX,RCO,G,1022
4AJX,RCO,J,1029
4AJX,RCO,L,1030
4AK7,47N,A,1402
4AK7,47N,B,1403
4ALW,HY7,A,1308
4AMF,ACP,A,1589
4AMF,ACP,B,1589
4ANM,WUL,A,1334
4AO4,PLK,A,1446
4AO4,PLK,B,1445
4AOI,4K0,A,2345
4AP7,F47,A,2345
4AQ4,G3P,A,1415
4AQ6,OMD,A,838
4AQ6,OMD,B,838
4AQ6,OMD,C,838
4AQ6,OMD,D,838
4AQ6,OMD,E,838
4AQ6,OMD,F,838
4AQ6,OMD,G,838
4AQ6,OMD,H,838
4AQ6,OMD,I,838
4AQ6,OMD,J,838
4AQ6,OMD,K,838
4AQ6,OMD,L,838
4ASK,K0I,A,2639
4ASK,K0I,B,2639
4AU8,Z3R,A,1293
4AU8,Z3R,B,1293
4AYQ,MVL,A,503
4AYR,IFL,A,503
4AYR,IFL,A,504
4AYU,N8P,A,499
4AYU,N8P,B,499
4AYU,N8P,C,499
4AYU,N8P,D,499
4AZ5,NGW,A,1615
4AZY,7F3,A,1507
4B00,I6X,A,1507
4B0H,DUR,A,1132
4B0H,DUR,C,1148
4B1C,1B1,A,1504
4B1V,LAB,A,1500
4B1V,LAB,B,1500
4B1W,LAB,B,1376
4B1X,LAB,B,1376
4B1Y,LAB,B,1376
4B52,RDF,A,501
4B52,RDF,B,501
4B5P,ACO,A,1197
4B5P,ACO,B,1197
4B70,WM9,A,1503
4B72,2FB,A,1503
4B77,54M,A,1504
4BAS,GNP,A,1182
4BC2,XUL,A,1534
4BC2,XUL,B,1534
4BC2,XUL,C,1534
4BC4,XUL,A,1532
4BC4,XUL,B,1531
4BC4,XUL,C,1531
4BC5,5FX,A,1531
4BC5,5FX,B,1532
4BC5,5FX,C,1532
4BCW,TU0,A,302
4BF1,9FK,A,271
4BGQ,38R,A,1000
4BKR,NAI,A,1400
4BKU,NAI,A,1259
4BKY,82B,A,1334
4BMX,ADE,B,1232
4BN4,AR6,A,1395
4BP3,4MN,A,401
4BP3,4MN,B,401
4BP3,4MN,C,401
4BPS,3EB,A,1345
4BQH,9VU,A,1539
4BR2,UNP,A,1501
4BRC,AU1,A,1397
4BRC,AU1,B,1399
4BRG,GNP,A,1393
4BRG,GNP,B,1397
4BRH,TMV,B,1395
4BRI,UNP,A,1393
4BRI,UNP,B,1395
4BRK,UNP,A,1395
4BRK,UNP,B,1397
4BRL,GMV,A,1395
4BS4,A64,A,2165
4BS4,A64,B,2165
4BT4,QFH,A,302
4BTK,DTQ,A,1337
4BU5,3F4,A,2162
4BU5,3F4,B,2162
4BUA,91F,A,2163
4BUA,91F,C,2163
4BUI,W2E,A,2166
4BUI,W2E,C,2165
4BUV,16I,A,2165
4BUV,16I,C,2165
4BUW,F33,A,2167
4BUW,F33,B,2165
4BUX,F35,A,2166
4BUX,F35,C,2165
4BUZ,OAD,A,1249
4BV3,APR,A,1393
4BV3,OCZ,A,1394
4BVB,AR6,A,1396
4BVB,OCZ,A,1395
4BVH,AR6,B,1393
4BVH,OAD,A,1394
4BVM,VCA,A,1133
4BWL,MN9,C,1297
4BZN,UGX,A,1306
4BZR,K26,A,1627
4BZX,ADX,A,1613
4BZX,ADX,B,1613
4C03,SFG,A,1378
4C03,SFG,B,1378
4C1H,X8Z,A,305
4C36,ZO9,A,1351
4C37,Z21,A,1351
4C38,VUP,A,1351
4C39,H4B,A,760
4C39,H4B,B,760
4C4P,GNP,A,1174
4C6D,DOR,A,2822
4C6D,NCD,A,2823
4C6E,DOR,A,1410
4C6E,NCD,A,1411
4C6F,DOR,A,1410
4C6F,NCD,A,1411
4C6I,DOR,A,2830
4C6I,NCD,A,2831
4C6J,DOR,A,2826
4C6J,NCD,A,2827
4C6L,FOT,A,2826
4C6M,FOT,A,2827
4C6N,NCD,A,2827
4C6Q,NCD,A,2826
4C6X,TLM,A,1419
4C6X,TLM,B,1418
4C6Z,TLE,A,1420
4C6Z,TLE,B,1421
4C71,7RD,A,1423
4C71,7RD,B,1419
4C73,TLH,A,1427
4C73,TLH,B,1421
4C74,N01,A,701
4C7F,GC2,A,1511
4C7F,GC2,B,1510
4C7G,NGO,A,1495
4C7K,DZL,A,1285
4C7K,DZL,B,1285
4CA5,3EF,A,1700
4CA7,3EF,A,1715
4CA8,3ES,A,1615
4CAM,H4B,A,760
4CAM,H4B,B,760
4CAO,H4B,A,760
4CAO,H4B,B,760
4CAQ,H4B,A,760
4CAQ,H4B,B,760
4CAV,2XQ,A,1494
4CC5,L5V,A,1311
4CCU,AWF,A,1500
4CDN,FO1,A,999
4CDN,FO1,B,999
4CDT,H4B,A,760
4CDT,H4B,B,760
4CE5,PDG,A,1181
4CE5,PDG,B,1181
4CFS,HQD,A,1277
4CFS,HQD,B,1277
4CFS,HQD,C,1277
4CFS,HQD,D,1277
4CFT,H4B,A,600
4CFT,H4B,B,600
4CGL,A6K,A,1000
4CJ3,E4F,A,1214
4CJ5,4VW,A,1216
4CJ5,4VW,B,1214
4CJF,RVN,A,1217
4CJF,RVN,B,1217
4CJP,4D2,A,1215
4CJP,4D2,B,1214
4CK3,K1T,A,1213
4CK3,K1T,B,1216
4CKJ,ADN,A,2014
4CLR,FDB,A,1270
4CLR,FDB,B,1270
4CLR,FDB,C,1270
4CLR,FDB,D,1270
4CMI,M4V,A,1270
4CMI,M4V,B,1270
4CMI,M4V,C,1270
4CMI,M4V,D,1270
4CMT,GWH,A,2401
4CNH,3U9,A,2402
4CNH,3U9,B,2401
4CNH,3U9,B,2402
4COL,DTP,A,702
4CPY,G39,A,1470
4CPY,G39,B,1470
4CQK,PIO,A,1048
4CQK,PIO,B,1048
4CQK,PIO,C,1048
4CQK,PIO,D,1048
4CQK,PIO,F,1048
4CQK,PIO,G,1048
4CQK,PIO,H,1048
4CQK,PIO,I,1048
4CQK,PIO,J,1048
4CQK,PIO,K,1048
4CQK,PIO,M,1048
4CRZ,ACO,B,1129
4CTB,KVC,A,2402
4CTM,MIF,A,998
4CTO,M7C,A,998
4CTQ,H4B,A,760
4CTQ,H4B,B,760
4CTV,H4B,A,1718
4CTV,H4B,B,1720
4CTW,H4B,A,1718
4CTW,H4B,B,1720
4CTW,S71,A,1719
4CTW,S71,B,1721
4CTX,H4B,A,760
4CTX,H4B,B,760
4CU1,H4B,A,600
4CU1,H4B,B,600
4CV1,PT6,A,1261
4CV1,PT6,B,1260
4CV1,PT6,C,1259
4CV1,PT6,D,1258
4CV1,PT6,E,1260
4CV1,PT6,F,1259
4CV1,PT6,G,1260
4CV1,PT6,H,1259
4CV2,NAI,A,1258
4CV2,NAI,B,1258
4CV3,NAI,A,1259
4CV3,NAI,B,1259
4CWD,449,A,1385
4CX6,H4B,A,760
4CX6,H4B,B,760
4CXM,MTA,A,540
4CXM,MTA,B,540
4CXM,MTA,C,540
4CYO,UEK,A,1000
4CZG,QH3,A,1335
4CZH,F90,A,1335
4D0W,VVQ,A,2132
4D0X,953,A,2132
4D1J,DGJ,A,600
4D1J,DGJ,B,600
4D1J,DGJ,C,600
4D1J,DGJ,D,600
4D1J,DGJ,E,600
4D1J,DGJ,F,600
4D1J,DGJ,G,600
4D1J,DGJ,H,600
4D1O,H4B,A,1481
4D1O,H4B,B,1481
4D2Y,H4B,A,760
4D2Y,H4B,B,760
4D2Z,H4B,A,760
4D2Z,H4B,B,760
4D30,EG8,A,800
4D30,EG8,B,800
4D30,H4B,A,760
4D30,H4B,B,760
4D31,H4B,A,760
4D31,H4B,B,760
4D3B,H4B,A,760
4D3B,H4B,B,760
4D44,JA3,A,1259
4D44,JA3,B,1257
4D44,JA3,C,1257
4D44,JA3,C,1258
4D44,JA3,E,1257
4D44,JA3,E,1258
4D44,JA3,G,1257
4D44,JA3,G,1258
4D7O,0GD,A,800
4D7O,0GD,B,800
4D7O,H4B,A,760
4D7O,H4B,B,760
4D88,BXQ,A,401
4D9B,PMP,A,402
4D9B,PMP,B,401
4D9B,PMP,C,402
4D9B,PMP,D,402
4DBE,BMP,A,301
4DBE,BMP,B,301
4DE0,0JB,A,300
4DE0,0JB,B,301
4DE1,0J6,A,301
4DE3,DN8,A,301
4DE3,DN8,B,301
4DEH,0JK,A,1401
4DF1,BMP,A,301
4DF1,BMP,B,301
4DFG,0JV,B,201
4DHN,0KC,A,307
4DHQ,Y06,A,309
4DHT,0KG,A,306
4DHU,0KH,A,309
4DI9,0GY,A,401
4DIJ,BLF,A,201
4DIJ,BLF,B,201
4DJA,DLZ,A,602
4DJL,CXA,A,401
4DJP,M73,A,200
4DJR,0KJ,A,101
4DJX,0KQ,A,501
4DJX,0KQ,B,501
4DJY,0KR,A,501
4DJY,0KR,B,501
4DK4,DUN,A,301
4DK4,DUN,B,301
4DLD,TZG,A,301
4DLD,TZG,B,301
4DLR,GNP,A,208
4DLT,GNP,A,201
4DLU,GNP,A,201
4DLV,GNP,A,204
4DLW,GNP,A,201
4DLX,GNP,A,206
4DLY,GNP,A,208
4DLZ,GNP,A,208
4DMR,PGD,A,782
4DMR,PGD,A,783
4DNJ,ANN,A,502
4DO1,ANN,A,502
4DO1,ANN,B,502
4DO1,ANN,C,502
4DO1,ANN,D,502
4DO4,DJN,A,510
4DO4,DJN,B,510
4DO5,DGJ,A,509
4DO5,DGJ,B,509
4DPF,0LG,A,500
4DPI,0N1,A,501
4DQF,017,B,101
4DQH,017,B,101
4DSC,A8S,A,301
4DSC,A8S,B,301
4DSO,GSP,A,201
4DTI,NAI,A,500
4DTK,7LI,A,408
4DUB,LDP,A,501
4DUB,LDP,B,501
4DUK,BZS,A,405
4DWV,NAJ,A,377
4DWV,NAJ,B,377
4DWV,PFB,A,378
4DWV,PFB,B,378
4DXH,NAJ,A,377
4DXH,NAJ,B,377
4E01,0F1,A,401
4E2V,PRF,A,401
4E2W,JHZ,A,506
4E2X,TYD,A,507
4E2Y,JHZ,A,503
4E2Z,JHZ,A,504
4E30,TYD,A,503
4E31,JHZ,A,505
4E32,DWN,A,505
4E33,0N2,A,503
4E3M,0ND,A,402
4E3Q,PMP,A,505
4E3Q,PMP,B,503
4E3Q,PMP,C,503
4E3Q,PMP,D,502
4E47,0N6,A,402
4E47,0N6,B,801
4E47,0N6,C,801
4E47,0N6,D,801
4E49,RCO,A,303
4E49,RCO,A,304
4E4L,0NH,A,1201
4E4L,0NH,A,1202
4E4L,0NH,B,1201
4E4L,0NH,D,1201
4E4N,0NL,A,1201
4E4N,0NL,B,1201
4E5W,0NT,A,1201
4E5W,0NT,B,1202
4E70,N7I,A,403
4E70,N7I,B,1402
4EB3,0O3,A,402
4EB3,0O3,B,402
4EBV,0O7,A,700
4EEV,L1X,A,1401
4EFE,0OV,A,404
4EFK,0OC,A,401
4EFK,0OC,B,401
4EFL,GNP,A,201
4EFM,GNP,A,201
4EGH,0OY,A,302
4EGK,RDC,A,301
4EGN,TWO,A,504
4EGN,TWO,B,505
4EGN,TWO,C,506
4EGN,TWO,D,506
4EIY,ZMA,A,2401
4EKL,0RF,A,501
4EKQ,NPO,A,202
4EKQ,NPO,B,202
4EKR,0R0,A,202
4EKR,0R0,B,203
4EMT,C2E,A,401
4EO6,0S2,A,600
4EO6,0S2,B,600
4EO8,0S3,A,600
4EO8,0S3,B,600
4EUE,NAI,A,1001
4EUZ,MEM,A,401
4EWO,996,A,501
4EXG,916,A,500
4EY2,0RM,A,301
4EY2,0RM,B,301
4EYB,0WO,A,303
4EYB,0WO,B,301
4EYF,PNK,A,301
4EYF,PNK,B,301
4EYG,VNL,A,401
4EYG,VNL,B,402
4EYQ,DHC,A,402
4EYQ,ENO,A,401
4EZ8,DHF,A,402
4F0B,GDS,A,301
4F0B,GDS,B,301
4F0S,NOS,A,501
4F1W,ADE,B,301
4F2O,QUS,A,301
4F2P,2EL,A,301
4F2P,2EL,B,301
4F2W,TDI,A,301
4F2W,TDI,B,301
4F32,N32,A,501
4F32,N32,B,500
4F3C,BIG,B,301
4F3K,HCE,A,301
4F3K,HCE,B,301
4FA2,SB0,A,402
4FAM,0SZ,A,402
4FAM,0SZ,B,702
4FBE,PBD,A,401
4FBE,PBD,B,402
4FCO,0U4,A,504
4FCP,42C,A,301
4FCP,42C,B,301
4FCR,0TM,A,301
4FE3,U5P,A,305
4FIK,TH0,A,303
4FIK,TH7,A,302
4FKQ,42K,A,301
4FKR,45K,A,301
4FKU,60K,A,303
4FKV,61K,A,301
4FKW,62K,A,301
4FKZ,UD1,A,401
4FKZ,UD1,B,401
4FL7,BHO,A,304
4FLI,Y16,A,503
4FM7,0UP,A,501
4FOS,SKM,A,500
4FOY,D53,A,701
4FPH,0V7,A,701
4FPJ,D8I,A,701
4FPT,0VZ,A,303
4FQS,UMP,A,301
4FQS,UMP,B,301
4FRC,0VY,A,303
4FST,HK4,A,301
4FU5,0VX,A,303
4FUD,6UP,A,301
4FV8,E63,A,401
4FVO,0VV,A,303
4FVW,H4B,A,802
4FVW,H4B,B,802
4FVX,H4B,A,802
4FVX,H4B,B,802
4FVY,3KJ,A,804
4FVY,3KJ,B,804
4FVY,H4B,A,802
4FVY,H4B,B,802
4FVZ,H4B,A,802
4FVZ,H4B,B,802
4FW0,H4B,A,802
4FW0,H4B,B,802
4FWB,3KP,A,2001
4FX6,BMP,M,301
4FX6,BMP,N,301
4FXP,ADX,A,301
4FXP,ADX,B,301
4FXP,ADX,C,301
4FXR,BMP,A,301
4FXR,BMP,B,301
4FYI,6C6,A,201
4FYI,6C6,B,201
4FYI,6C6,C,201
4FYI,6C6,D,201
4FYK,SRA,A,201
4FYK,SRA,B,201
4FYK,SRA,C,201
4FYK,SRA,D,201
4FYR,BES,A,1014
4G0P,U5P,A,801
4G1Q,T27,A,601
4G27,PHU,R,1006
4G3F,0WB,A,701
4G3Q,UD1,A,506
4G41,MTA,B,300
4G7A,AZM,A,302
4G7A,AZM,B,302
4G8C,C6L,A,301
4G8C,C6L,B,301
4G9E,C4L,A,301
4G9E,C4L,B,301
4GBD,MCF,A,501
4GBD,MCF,B,501
4GBM,A3P,A,406
4GBU,0WV,A,402
4GC4,BMP,A,301
4GC4,BMP,B,301
4GCA,2X9,A,402
4GCJ,X64,A,305
4GCX,PRF,A,401
4GEK,GEK,A,302
4GEK,GEK,G,303
4GGQ,861,C,202
4GHM,PRF,A,301
4GHM,PRF,B,301
4GHR,ITE,A,402
4GIM,PSU,A,400
4GIM,PSU,B,400
4GIM,PSU,C,400
4GJZ,AKG,A,502
4GK8,GK8,A,305
4GKI,KAN,D,301
4GKI,KAN,E,301
4GKI,KAN,G,301
4GKI,KAN,H,301
4GKI,KAN,L,301
4GL4,NAI,A,403
4GL4,NAI,B,403
4GLW,0XT,A,402
4GLW,0XT,B,402
4GMI,0XA,A,401
4GMM,SPV,A,705
4GNO,SPV,A,705
4GP1,DMA,A,402
4GP2,DMA,A,403
4GP2,DMA,A,404
4GP2,DMA,B,404
4GP2,DMA,B,405
4GQE,H4B,A,802
4GQE,H4B,B,802
4GQP,B40,H,1201
4GR5,APC,A,601
4GR5,APC,B,601
4GR5,APC,C,601
4GR5,APC,D,601
4GT1,DGI,A,401
4GUE,QCT,A,401
4GV0,8ME,A,601
4GV1,0XZ,A,501
4GV4,MEJ,A,601
4GVO,CSX,A,704
4GVO,CSX,B,502
4H1J,0YH,A,701
4H2I,A12,A,603
4H31,CP,A,402
4H31,CP,B,402
4H31,CP,C,403
4H3J,10W,A,502
4H3J,10W,B,503
4H4C,10D,A,402
4H4C,10D,B,402
4H4D,10E,A,402
4H4D,10E,B,402
4H4E,10G,A,402
4H4E,10G,B,402
4H6Q,TFB,A,2002
4H6Q,TFB,C,2002
4H7C,10H,A,402
4H84,Y38,A,306
4H84,Y38,B,301
4H9G,14J,A,512
4HAT,GNP,A,301
4HAU,GNP,A,301
4HAV,GNP,A,301
4HAW,GNP,A,301
4HAZ,GNP,A,301
4HB2,GNP,A,301
4HDB,G52,A,401
4HDF,G52,A,401
4HDM,PCR,A,801
4HDO,GNP,B,201
4HDP,G52,B,401
4HDQ,GNP,B,201
4HE9,G52,A,401
4HEG,G52,A,401
4HJF,C2E,A,603
4HKK,AGI,A,1204
4HKK,AGI,C,1205
4HLA,017,A,200
4HLG,20B,A,1203
4HLG,20B,B,1203
4HLK,431,A,1203
4HLK,431,B,1203
4HN4,0JO,B,401
4HN4,F9F,A,301
4HON,AKG,A,401
4HON,AKG,B,401
4HPJ,1D0,B,401
4HPJ,F9F,A,301
4HPX,0JO,B,404
4HPX,F9F,A,301
4HSL,3HA,A,203
4HT2,V50,A,302
4HT2,V50,B,302
4HT2,V50,C,302
4HT2,V50,D,302
4HT3,F9F,A,301
4HTX,19F,A,1003
4HTX,19F,B,1003
4HU1,V13,A,302
4HU1,V13,B,302
4HVD,933,A,1202
4HWO,409,A,702
4HWO,409,B,702
4HWS,1B3,A,702
4HWS,1B3,B,702
4HY6,FJ1,A,501
4HYI,1AO,A,304
4HZM,1BW,A,400
4HZM,1BW,B,401
4HZT,0ZA,A,504
4HZZ,G39,A,509
4I0E,1B8,A,504
4I0F,1BF,A,504
4I0G,1B9,A,504
4I0T,1B6,A,701
4I4F,1BR,A,702
4I5H,G17,A,401
4I71,AGV,A,401
4I74,MBY,A,408
4I7N,1DJ,A,202
4I7N,1DJ,B,203
4I7P,ES3,A,202
4I7P,ES3,B,202
4I7Q,1DQ,A,202
4I7Q,1DQ,B,202
4I7S,1DV,A,202
4I7S,1DV,B,202
4I8W,G07,B,300
4I8Z,G08,A,101
4IBD,1DL,B,401
4IBE,11Y,B,401
4IBK,1DE,B,401
4IBM,IR1,A,1301
4IBM,IR1,B,1301
4ICL,T27,A,601
4ID0,GSF,B,302
4IE5,MD6,A,602
4IEE,AGS,A,502
4IIC,IFM,A,944
4IIC,IFM,B,950
4ILX,1EZ,A,303
4IM7,CS2,A,501
4IM7,NAI,A,502
4INE,OPE,A,502
4INE,OPE,B,502
4IPW,1G7,A,406
4IR0,FCN,A,202
4IR0,FCN,B,202
4IRX,INS,A,401
4IRX,INS,B,401
4ISA,GVR,A,402
4ITJ,1HX,A,301
4ITJ,1HX,B,301
4ITO,MPX,A,303
4ITP,1GD,A,304
4ITU,NAI,A,301
4ITU,NAI,B,301
4ITU,NAI,C,301
4ITU,NAI,D,301
4IV9,TSR,A,602
4IV9,TSR,B,602
4IVA,1J5,A,1201
4IVB,1J5,A,1201
4IVB,1J5,B,1201
4IVD,15T,A,1201
4IVD,15T,B,1201
4IW6,1GU,A,601
4IW6,1GU,B,601
4IWZ,1GO,A,301
4IXC,1JD,A,503
4IXG,IXG,X,302
4IY7,0JO,A,405
4IY7,KOU,B,403
4IY7,KOU,C,402
4IY7,KOU,D,403
4IYO,0JO,A,404
4J06,1JG,A,601
4J06,1JG,B,601
4J0H,GDE,A,501
4J0H,GDE,B,501
4J21,AJ6,A,1204
4J4B,NAI,A,901
4J4B,NAI,B,302
4J4H,NAI,A,901
4J4H,NAI,C,901
4J54,G52,A,201
4J55,031,A,201
4J5H,1K4,A,303
4J5J,478,B,401
4J7G,1JB,A,502
4J7G,1JB,B,502
4J7G,TRH,A,501
4J7G,TRH,B,501
4J7N,GTG,A,401
4J8M,CJ5,A,501
4J9W,PYC,A,402
4J9W,PYC,B,402
4J9X,HYP,A,401
4J9X,HYP,B,401
4JA8,1K9,A,502
4JB0,ENO,A,402
4JB0,FER,A,401
4JBV,V68,A,601
4JCH,1KG,A,501
4JCH,1KG,B,501
4JD0,1KH,A,301
4JD1,FCN,A,202
4JD1,FCN,B,203
4JEJ,1GP,A,301
4JFU,K80,A,501
4JH3,FCN,A,204
4JH3,FCN,B,203
4JH4,FCN,A,202
4JH4,FCN,B,202
4JH5,FCN,A,202
4JH5,FCN,B,203
4JH6,FCN,A,202
4JH6,FCN,B,202
4JH7,1KM,A,204
4JH7,1KM,B,203
4JH8,FCN,A,204
4JH8,FCN,B,203
4JH9,1KM,A,202
4JH9,1KM,B,202
4JKS,ADN,A,401
4JKS,ADN,B,401
4JKU,ADN,A,500
4JKU,ADN,B,500
4JLJ,1NM,A,301
4JLJ,1NM,A,302
4JLJ,1NM,B,301
4JLJ,1NM,B,302
4JM6,LG3,A,302
4JM8,26D,A,302
4JM9,LG5,A,302
4JMB,1LW,A,302
4JMS,1LX,A,302
4JMV,1LY,A,302
4JNK,NAI,A,801
4JNK,NAI,B,801
4JNK,NAI,C,801
4JNZ,TFB,A,2002
4JOO,1M4,A,503
4JOS,ADE,A,301
4JOS,ADE,B,301
4JP4,AZ4,A,306
4JP4,AZ4,B,306
4JP9,1M5,A,503
4JPA,AZ6,A,306
4JPA,AZ6,B,306
4JPL,4JP,A,302
4JQJ,1LM,A,302
4JR5,1LS,A,601
4JR5,1LS,B,601
4JSR,1NQ,A,402
4JTU,JTU,A,407
4JVL,A3P,A,701
4JVL,A3P,B,301
4JVM,A3P,A,502
4JVM,A3P,B,302
4JVM,XDI,A,501
4JVM,XDI,B,301
4JVO,A5A,A,401
4JVO,A5A,B,402
4JWX,1N4,A,301
4JWY,1N4,A,301
4JXS,18U,B,401
4JYI,JYI,A,501
4JYI,JYI,B,501
4JYK,URA,A,305
4JYK,URA,B,304
4JYW,T57,A,822
4JZ0,T01,A,818
4JZB,IPE,A,404
4JZB,IPE,B,401
4JZB,P2H,A,405
4JZB,P2H,B,402
4JZF,1NL,H,301
4JZX,476,A,402
4JZX,476,B,402
4JZX,IPE,A,401
4JZX,IPE,B,401
4K0S,AZM,A,302
4K0T,D9Z,A,303
4K13,ETS,A,304
4K1L,SFF,A,301
4K1L,SFF,B,301
4K1L,SFF,C,301
4K1L,SFF,D,301
4K2F,A08,B,805
4K2M,O1G,A,501
4K2M,O1G,B,501
4K5E,H4B,A,802
4K5E,H4B,B,802
4K5G,H4B,A,802
4K5G,H4B,B,802
4K5K,H4B,A,502
4K5K,H4B,B,502
4K5L,19N,A,1102
4K5N,1OU,A,1106
4K8C,ADN,A,401
4K8C,ADN,B,401
4K8K,ADN,A,401
4K8K,ADN,B,403
4K8P,ADN,A,401
4K8P,ADN,B,401
4K93,ADN,A,401
4K93,ADN,B,402
4K9C,ADN,A,401
4K9C,ADN,B,401
4K9I,ADN,A,401
4K9I,ADN,B,401
4K9Y,K9Y,A,701
4KAD,ADN,A,401
4KAD,ADN,B,401
4KAH,ADN,A,401
4KAH,ADN,B,502
4KAL,ADN,A,401
4KAL,ADN,B,401
4KAN,ADN,A,401
4KAN,ADN,B,401
4KBE,ADN,A,401
4KBE,ADN,B,401
4KCL,H4B,A,802
4KCL,H4B,B,802
4KCN,H4B,A,802
4KCN,H4B,B,802
4KCO,H4B,A,802
4KCO,H4B,B,802
4KFA,ZOL,A,404
4KFB,T27,A,607
4KFN,1QR,A,601
4KFN,1QR,B,601
4KIB,56D,A,402
4KIB,56D,B,402
4KKX,AQ3,B,401
4KKX,F6F,A,301
4KKY,CAM,X,503
4KLV,KLV,A,216
4KLW,KLW,A,201
4KLX,ATR,A,201
4KM0,ATR,A,202
4KM2,ATR,A,201
4KMV,T6C,A,203
4KNE,ATR,A,202
4KNI,E1E,A,305
4KNJ,E1F,A,302
4KNM,E1E,A,302
4KNN,E1F,A,302
4KNN,E1F,B,302
4KO8,AGS,A,800
4KOR,4KR,A,201
4KOT,CE3,A,205
4KP1,KP1,A,501
4KP5,E1F,A,302
4KP5,E1F,B,302
4KP5,E1F,C,302
4KP5,E1F,D,302
4KP6,1S1,A,501
4KP7,1UQ,A,503
4KP7,1UQ,B,502
4KPD,IPE,A,404
4KPD,RIS,A,405
4KPJ,210,A,901
4KQS,RIS,A,405
4KRG,OPE,A,501
4KRG,OPE,B,501
4KRI,1SH,A,702
4KRI,1SH,B,702
4KRI,1SH,C,702
4KS7,7KC,A,702
4KTF,1TM,A,406
4KTK,KTK,A,404
4KTL,1CQ,A,407
4KU7,PCG,A,425
4KUO,RBF,A,500
4KUV,MB6,A,302
4KUX,FPS,A,704
4KUX,FPS,B,405
4KUX,FPS,C,705
4KUX,FPS,D,704
4KUY,MB4,A,304
4KV0,MB7,A,304
4KWL,3SS,A,302
4KWO,1UD,A,401
4KWP,EXX,A,408
4KXL,6C6,A,201
4KXL,6C6,B,201
4KXL,6C6,C,201
4KXL,6C6,D,201
4KZ3,1U1,A,401
4KZ3,1U1,B,401
4KZ7,1U5,A,401
4KZ7,1U5,B,401
4L0B,1UT,A,1204
4L0B,1UT,B,1204
4L0M,ADE,A,301
4L10,A63,A,1204
4L10,A63,B,1204
4L32,1VF,A,1204
4L4V,1VY,A,301
4L4V,1VY,C,301
4L5B,1UX,A,301
4L5B,1UX,B,301
4L6B,1VS,A,403
4L6C,0BT,A,303
4L6Z,1DC,A,601
4L70,1V9,A,601
4L7F,1V5,A,401
4L7G,1W0,A,501
4L91,X29,A,301
4L9P,FII,B,608
4L9W,GNP,A,201
4LB0,HYP,B,402
4LBX,ADN,A,401
4LBX,ADN,B,401
4LC4,ADN,A,401
4LC4,ADN,B,401
4LC5,9MG,A,202
4LC6,BMP,A,301
4LC6,BMP,B,301
4LC7,1WP,A,502
4LC8,BMP,A,301
4LC8,BMP,B,301
4LCA,ADN,A,401
4LCA,ADN,B,401
4LEQ,1WK,A,401
4LFE,IPE,A,301
4LFE,IPE,B,301
4LFE,IPE,B,302
4LFG,IPE,A,301
4LFG,IPE,A,302
4LFG,IPE,B,301
4LFG,IPE,B,302
4LFI,GNP,A,401
4LFI,GNP,B,401
4LGE,1Y0,B,402
4LH7,1X8,A,401
4LH7,NMN,A,402
4LHI,WWL,A,304
4LHM,AZZ,A,510
4LHW,GNP,A,302
4LHW,GNP,B,202
4LHW,GNP,C,202
4LHW,GNP,D,202
4LHW,GNP,E,202
4LJ3,C2E,A,401
4LJ3,C2E,B,401
4LL3,017,A,201
4LL3,017,A,202
4LLS,IPE,A,301
4LLS,IPE,B,301
4LLT,IPE,A,301
4LLT,IPE,A,302
4LLT,IPE,B,301
4LLT,IPE,B,302
4LN7,1ZQ,A,306
4LNG,FPP,B,603
4LNG,JAN,B,602
4LOJ,1SY,B,401
4LOO,SB4,A,401
4LOY,6XS,H,304
4LP0,1YM,A,301
4LQG,CTW,A,823
4LTS,LTS,A,601
4LTS,LTS,B,601
4LU3,AZM,A,302
4LUJ,BMP,A,301
4LUJ,BMP,B,301
4LUK,PA5,A,202
4LUX,H4B,A,802
4LUX,H4B,B,802
4LVB,20N,A,601
4LVB,20N,B,601
4LVG,20O,A,601
4LVG,20O,B,601
4LW3,GDU,A,402
4LW7,BMP,A,301
4LW7,BMP,B,301
4LWW,LWW,A,601
4LWW,LWW,B,601
4LXL,PD2,A,401
4LXQ,TYD,A,302
4LXQ,TYD,B,302
4LXT,T3Q,A,305
4LXT,T3Q,B,303
4LXU,T3F,A,303
4LXU,T3F,B,303
4LXX,FNF,A,304
4LXX,FNF,B,304
4LXY,1YA,A,301
4LXY,1YA,B,301
4LY0,1YA,A,301
4LY0,DAU,A,302
4LY0,DAU,B,302
4LY3,1YF,B,302
4LY3,T3Q,A,302
4M0E,1YL,A,604
4M0E,1YL,B,605
4M15,QWS,A,701
4M2A,UPG,A,1001
4M2R,BZ1,A,302
4M2U,ETS,A,302
4M2V,BZ1,A,302
4M3D,2H2,A,301
4M5M,DX4,A,401
4M5N,APC,A,503
4M5N,APC,B,203
4M5N,YH7,A,504
4M5N,YH7,B,204
4M7B,28C,A,1202
4M7B,28C,C,1202
4M7Y,2GH,A,301
4M7Y,2GH,B,301
4M89,TCL,A,302
4M89,TCL,B,302
4MBG,FPP,B,601
4MC1,526,A,102
4MC1,526,B,102
4MC2,525,A,101
4MC2,525,B,101
4MC6,23K,A,101
4MC9,23L,A,101
4MC9,23L,B,101
4MCD,22L,A,301
4MES,26G,A,203
4MES,26G,B,206
4MHO,26M,A,901
4MI6,26V,A,901
4MK2,28B,A,306
4MK5,28A,A,306
4MKB,28V,A,601
4MKB,28V,B,601
4MMW,LLH,A,405
4MMW,LLH,B,405
4MNC,173,A,401
4MNI,173,A,401
4MO2,FDA,B,402
4MO8,2VQ,A,302
4MPN,PV0,A,501
4MQ6,29W,A,404
4MQ6,29W,B,401
4MQP,2B1,A,501
4MQP,2B1,B,501
4MRX,CZH,A,201
4MRY,CEI,A,201
4MS4,2C0,A,501
4MSS,2CZ,A,401
4MSS,2CZ,B,401
4MTY,SBW,A,302
4MUK,2DV,A,401
4MUK,2DV,B,401
4MUQ,2D8,A,303
4MUQ,LY0,A,302
4MUV,PCG,B,401
4MUX,2E4,A,402
4MUX,2E4,B,402
4MUY,2E5,A,402
4MUY,2E5,B,402
4MUZ,BMP,A,301
4MUZ,BMP,B,301
4MV0,2E6,A,402
4MV0,2E6,B,402
4MV6,PCT,A,504
4MV7,PPF,A,501
4MWQ,G39,A,513
4MWV,BCZ,A,513
4MWW,G39,A,513
4MX1,1MX,A,301
4MZW,GDS,A,301
4MZW,GDS,B,301
4N00,2EX,A,502
4N02,FNR,A,404
4N07,2J9,B,301
4N07,2J9,C,301
4N0D,GSP,A,403
4N1G,CEI,A,201
4N1G,CEI,B,201
4N1N,UNU,A,201
4N1R,WM3,A,201
4N1S,WM4,A,201
4N5V,FA0,A,404
4N5V,FA0,A,405
4N5V,FA0,B,404
4N5V,FA0,B,405
4N6K,X3X,A,401
4N9D,2HJ,A,601
4N9D,2HJ,B,601
4NAE,1GP,A,301
4NAE,1GP,B,301
4NAX,GDS,A,301
4NAX,GDS,B,301
4NBU,NAI,A,301
4NBU,NAI,B,301
4NBU,NAI,C,301
4NBU,NAI,D,301
4ND2,A3D,B,401
4NDA,NIY,A,401
4NES,UD1,A,400
4NF2,CP,A,401
4NF2,CP,B,403
4NF2,CP,C,401
4NF5,2JJ,B,301
4NFH,NAJ,A,377
4NFH,NAJ,B,377
4NFH,PFB,A,378
4NFH,PFB,B,378
4NFN,2KC,A,401
4NFS,NAJ,A,377
4NFS,NAJ,B,377
4NG5,NAJ,A,377
4NG5,NAJ,B,377
4NH8,2LC,A,301
4NHB,G3P,A,414
4NHB,G3P,B,411
4NHK,PD2,A,702
4NHM,UN9,A,701
4NJH,2K8,A,303
4NJH,2K8,B,303
4NJK,2KA,A,303
4NJK,2KA,B,303
4NJT,017,B,101
4NJT,017,D,101
4NKC,2HZ,A,401
4NKE,IPE,A,405
4NKE,RIS,A,404
4NKF,210,A,404
4NMD,FDA,A,1101
4NMD,FDA,B,1101
4NMY,VIB,A,401
4NMY,VIB,B,401
4NPW,0NY,A,1003
4NQ8,PAF,A,401
4NQ8,PAF,B,401
4NR0,TCL,A,302
4NR0,TCL,B,302
4NR0,TCL,C,302
4NR0,TCL,D,302
4NR4,2LK,A,1201
4NR4,2LK,B,1201
4NUA,RIS,A,901
4NUW,U5P,A,301
4NUW,U5P,B,301
4NVD,1LQ,A,301
4NVE,BZI,A,302
4NW5,2NR,A,1001
4NW6,2NS,A,1001
4NX5,UP6,A,301
4NX5,UP6,B,301
4O04,2Q8,A,4000
4O05,2Q9,A,4000
4O07,FGH,A,4000
4O0A,2P9,A,201
4O10,2QF,A,601
4O10,2QF,B,601
4O11,BMP,A,301
4O11,BMP,B,301
4O15,2P1,A,601
4O15,2P1,B,601
4O28,1QS,A,601
4O28,1QS,B,601
4O71,CPB,A,201
4O71,CPB,B,201
4O76,1M3,A,201
4O76,1M3,B,201
4O76,1M3,C,201
4O76,1M3,D,201
4O7E,2RN,A,201
4O7E,2RN,A,203
4O7E,2RN,B,201
4O7E,2RN,B,202
4O8M,2Q2,A,403
4O8M,2Q2,B,403
4O8M,2Q2,C,403
4O8M,2Q2,D,405
4O8M,2Q2,E,402
4O8M,2Q2,F,403
4O8M,2Q2,G,405
4O8M,2Q2,H,403
4O95,245,A,602
4OAL,245,A,602
4OAL,245,B,602
4OAN,X2X,A,402
4OAN,X2X,B,401
4OBB,1QQ,A,501
4OBB,1QQ,B,501
4OC0,2R7,A,818
4OC1,2QS,A,818
4OC2,2QQ,A,821
4OC3,2QP,A,820
4OC4,2QN,A,818
4OC5,2QM,A,818
4OEY,DHT,A,1002
4OEZ,DHT,A,1002
4OGJ,2TA,A,203
4OGJ,2TA,B,202
4OH5,HFT,A,1001
4OHU,2TK,A,301
4OHU,2TK,B,301
4OHU,2TK,C,301
4OHU,2TK,D,301
4OIC,A8S,A,301
4OIV,XX9,A,501
4OIV,XX9,B,501
4OJB,198,A,1001
4OJT,ADE,A,302
4OKW,198,A,1001
4OPC,FDA,A,501
4OPD,FDA,A,501
4OPD,FDA,B,501
4OQ6,2UV,A,401
4OQ6,2UV,B,401
4OQD,QDM,B,301
4OQD,QDM,C,301
4OQD,QDM,D,301
4ORI,2V6,A,502
4OTF,2VL,A,704
4OTH,DRN,A,1001
4OTI,MI1,A,1001
4OTQ,2V2,A,701
4OTR,2V3,A,701
4OVI,N01,A,602
4OX2,SPV,A,704
4OX2,SPV,B,704
4OXK,1S5,A,301
4OXK,1S5,C,301
4OXK,1S5,D,301
4P10,2B8,A,501
4P44,2F7,A,818
4P4B,2G2,A,820
4P4D,2GR,A,820
4P4E,2G4,A,822
4P4F,2GB,A,820
4P4I,2G5,A,818
4P4J,2H9,A,818
4P56,RMN,A,401
4P56,RMN,C,401
4P56,SMN,B,401
4P56,SMN,C,402
4P5A,5BU,A,302
4P5A,5BU,B,301
4P5A,5BU,C,302
4P5A,5BU,D,301
4P6C,RES,A,500
4P6C,RES,B,500
4P6G,2FZ,C,301
4P6G,2FZ,D,301
4P6P,RES,A,301
4P6P,RES,B,301
4P7W,AKG,A,302
4P7X,AKG,A,302
4P7X,YCP,A,303
4P87,4NP,A,401
4P87,4NP,B,401
4P8B,X2X,A,403
4P9K,EAX,A,401
4PAI,3HB,A,401
4PAK,PAF,A,407
4PAQ,GSP,A,401
4PBQ,2UF,A,401
4PBQ,2UF,B,401
4PBQ,2UF,C,401
4PBR,2L7,A,401
4PC9,CS2,A,401
4PCD,2Q2,A,401
4PDH,EAX,A,401
4PE6,LTH,A,401
4PE6,LTH,B,401
4PGN,3IO,A,401
4PGN,3IO,B,401
4PGN,3IO,C,401
4PGN,3IO,D,401
4PIN,AVI,A,401
4PIN,AVI,B,401
4PIO,AVI,A,402
4PIO,AVI,B,402
4PKL,1GH,B,201
4PLC,NAI,A,402
4PLC,NAI,C,402
4PLF,NAI,A,401
4PLH,NAI,B,402
4PLH,NAI,C,402
4PLH,NAI,D,403
4PLT,NAI,A,401
4PLT,NAI,B,401
4PLT,NAI,C,401
4PLT,NAI,D,401
4PLW,NAI,B,401
4PLW,NAI,C,401
4PLW,NAI,D,401
4PLY,NAI,A,401
4PLY,NAI,B,401
4PLY,NAI,C,401
4PLY,NAI,D,401
4PLY,NAI,E,401
4PLY,NAI,F,401
4PLY,NAI,G,401
4PLY,NAI,H,401
4PLZ,NAI,A,402
4PQ7,IL3,A,302
4PQN,2W6,A,701
4PRQ,T3Y,A,202
4PRQ,T3Y,B,202
4PRR,2W9,A,402
4PUK,2WU,A,405
4PUL,2WU,A,403
4PUM,2WU,A,404
4PVO,S3C,A,403
4PVO,S3C,B,406
4PW4,2X0,A,901
4PYX,V90,A,304
4PZH,V13,A,305
4PZV,J1D,A,501
4PZW,2X4,A,502
4PZX,2X5,A,502
4Q03,2XE,A,203
4Q07,V14,A,303
4Q09,V14,A,302
4Q0K,GA3,A,201
4Q0N,2XD,B,801
4Q0N,2XD,F,802
4Q0N,2XD,G,803
4Q0N,2XD,H,802
4Q1A,2XZ,A,301
4Q1A,2XZ,B,301
4Q1C,2XM,A,301
4Q1C,2XM,B,301
4Q1D,2Y1,A,301
4Q1D,2Y1,B,301
4Q1W,017,A,104
4Q1X,017,A,101
4Q1Y,017,A,106
4Q23,RIS,A,901
4Q6D,WW3,A,304
4Q7P,3MH,A,302
4Q7S,2YU,A,302
4Q83,3FH,A,302
4Q87,4FH,A,303
4Q8V,2YX,A,403
4Q8W,2YY,A,402
4Q8Y,HQT,A,303
4Q8Z,4HO,A,303
4Q90,4H2,A,302
4Q99,HT4,A,302
4Q9N,NAI,A,301
4Q9N,NAI,B,301
4Q9N,NAI,C,301
4Q9N,NAI,D,301
4Q9N,NAI,E,301
4Q9N,NAI,F,301
4Q9N,NAI,G,301
4Q9N,NAI,H,301
4Q9Y,M3T,A,302
4QBZ,D80,A,917
4QBZ,D80,B,901
4QC6,30N,A,202
4QDC,ASD,A,404
4QG7,32K,B,301
4QGE,35O,A,601
4QGF,32B,B,301
4QGG,32C,B,301
4QGH,32E,A,301
4QHP,32Q,A,901
4QIR,379,A,901
4QIY,WWX,A,302
4QIY,WWX,B,302
4QIY,WWX,C,302
4QIY,WWX,D,302
4QME,37B,A,901
4QMO,34L,A,402
4QMP,DKI,A,402
4QMQ,34U,A,401
4QOJ,STL,A,302
4QOJ,STL,B,302
4QPF,39L,A,901
4QPL,V3L,A,201
4QPL,V3L,C,201
4QR6,37V,A,402
4QRD,3BJ,A,602
4QRN,1DF,A,402
4QRN,1DF,B,402
4QRN,1DF,C,402
4QRN,1DF,D,402
4QS5,1DF,A,402
4QS5,1DF,B,402
4QS5,1DF,C,402
4QS5,1DF,D,402
4QSJ,EWW,A,302
4QU1,AKG,A,502
4QX4,3E2,A,403
4QXS,WC1,F,403
4QYS,PLR,B,501
4R07,URI,A,901
4R07,URI,B,901
4R07,URI,C,901
4R07,URI,D,901
4R16,SAJ,A,501
4R16,SAJ,B,501
4R1V,3E8,A,1401
4R4O,3HW,A,201
4R4T,3J0,A,201
4R5M,4NO,A,403
4R5M,4NO,B,402
4R5N,3J9,A,502
4R6W,PC,A,301
4R6W,PC,B,301
4R7W,O7U,A,502
4R7W,O7U,B,502
4R7W,O7U,C,502
4R7W,O7U,D,502
4R7W,O7U,E,502
4R7W,O7U,F,502
4R85,17E,A,501
4R85,17E,B,501
4R85,17E,C,501
4R85,17E,D,501
4R85,17E,E,501
4R85,17E,F,502
4RD2,GNP,A,501
4RD4,GNP,A,501
4RE2,MVL,A,501
4RFD,3O5,A,302
4RFR,RHN,B,301
4RFZ,3OV,A,701
4RGU,FER,A,201
4RGU,FER,A,204
4RIF,3R2,A,401
4RIF,3R2,B,401
4RIV,LSA,A,302
4RKS,MEV,A,401
4RKS,MEV,B,401
4RLF,4MA,A,1001
4RLF,4MA,B,1001
4RLK,E91,A,406
4RLQ,3SK,A,1000
4RLQ,3SK,B,1000
4RM3,FOA,A,1000
4RM3,FOA,B,1000
4RMJ,AR6,A,401
4RMJ,AR6,B,402
4RN0,L6G,A,501
4RN0,L6G,B,501
4ROS,APR,A,404
4RRN,3UW,A,502
4RRS,3UY,A,502
4RSM,3VB,A,401
4RSM,3VB,B,401
4RSM,3VB,C,401
4RSM,3VB,D,401
4RT1,C2E,C,201
4RUX,3W3,A,302
4RVJ,478,B,101
4RVJ,478,D,101
4RVX,79G,A,500
4RVX,79G,D,500
4RX5,3YO,A,706
4RX7,3YV,A,703
4RX8,3YX,A,703
4RXD,RIS,A,1404
4RXD,RIS,B,1504
4RXD,RIS,C,1600
4RXM,INS,A,401
4RXM,INS,B,401
4RY9,TLZ,A,401
4RY9,TLZ,B,401
4RYA,MTL,A,501
4RZB,NFQ,A,501
4RZB,NFQ,B,501
4S23,H6P,A,503
4S23,H6P,B,503
4S25,IRN,A,702
4S26,IRN,A,702
4S26,IRN,B,703
4S27,AIR,A,702
4S28,AIR,A,702
4S29,IRN,A,701
4S35,ACP,A,201
4S35,ACP,B,201
4TL8,AGS,A,303
4TL8,AGS,B,303
4TL8,AGS,C,303
4TL8,AGS,D,303
4TL8,AGS,E,303
4TL8,AGS,F,301
4TL9,AGS,A,303
4TL9,AGS,B,303
4TL9,AGS,C,303
4TL9,AGS,D,303
4TL9,AGS,E,303
4TL9,AGS,F,303
4TLB,AGS,A,303
4TLB,AGS,B,303
4TLB,AGS,C,303
4TLB,AGS,D,303
4TLB,AGS,E,303
4TLB,AGS,F,301
4TLD,AGS,A,303
4TLD,AGS,B,303
4TLD,AGS,C,303
4TLD,AGS,D,303
4TLD,AGS,E,303
4TLD,AGS,F,303
4TLE,AGS,A,303
4TLE,AGS,B,303
4TLE,AGS,C,303
4TLE,AGS,D,303
4TLE,AGS,E,303
4TLE,AGS,F,303
4TLR,79Z,A,602
4TMT,GSP,A,901
4TMT,GSP,B,901
4TMV,GSP,A,901
4TMV,GSP,B,901
4TRJ,665,A,501
4TVB,NAI,A,501
4TWC,37J,A,1007
4TWC,37J,B,1008
4TX0,384,A,201
4TX9,AMZ,A,302
4TY0,38V,A,503
4TY0,38V,B,503
4TY6,39D,A,301
4TYL,39O,A,1203
4TZC,EF2,B,505
4TZC,EF2,D,505
4U0I,0LI,A,1001
4U1B,Q08,A,404
4U21,FWF,B,402
4U23,FWD,A,401
4U4S,3C1,A,801
4U4S,3C1,B,801
4U4X,3C2,A,801
4U4X,3C2,B,801
4U69,Q07,A,404
4U6C,Q06,A,404
4U70,Q04,A,403
4U71,Q03,A,404
4U72,PIM,A,502
4U72,PIM,B,502
4U73,Q02,A,404
4U8W,G10,A,201
4U8Z,3FE,A,302
4U93,990,A,301
4UA7,3GK,A,301
4UAA,3GK,A,301
4UAL,3FV,A,501
4UAT,XBP,A,301
4UAT,XBP,B,301
4UAU,XBP,A,301
4UAU,XBP,B,301
4UDD,CV7,A,1782
4UFX,80O,A,1000
4UFX,80O,B,1000
4UFX,80O,C,1000
4UH5,H4B,A,760
4UH5,H4B,B,760
4UIX,TVU,A,1171
4UIX,TVU,B,1170
4UIX,TVU,C,1165
4UJ9,S3N,A,1351
4UJA,4L7,A,1351
4UJB,8BQ,A,1351
4UMA,GZ3,A,1351
4UMA,GZ3,B,1351
4UMA,GZ3,C,1351
4UMA,GZ3,D,1351
4UMT,47W,A,1335
4UPM,H4B,A,760
4UPM,H4B,B,760
4UPO,H4B,A,760
4UPO,H4B,B,760
4UPP,H4B,A,760
4UPP,H4B,B,760
4UPR,H4B,A,600
4UPR,H4B,B,600
4UPS,H4B,A,600
4UPS,H4B,B,600
4URF,1PS,A,1251
4US8,PCD,A,921
4US9,PCD,A,921
4USA,PCD,A,921
4USU,APC,A,1470
4UUG,PXG,B,401
4UUX,APR,A,400
4UUX,APR,B,400
4UVG,A0C,A,1273
4UVZ,5NN,A,2165
4UVZ,5NN,C,2165
4UWH,JXM,A,1876
4UWI,XMQ,A,1493
4V0S,2HN,A,1147
4V31,DUR,A,151
4V31,DUR,B,151
4V32,EF2,A,151
4V32,EF2,B,151
4V3X,4E8,A,800
4V3X,4E8,B,800
4V3X,H4B,A,760
4V3X,H4B,B,760
4V3Y,H4B,A,760
4V3Y,H4B,B,760
4W1W,3G8,A,502
4W1W,3G8,B,502
4W1X,3G9,B,501
4W1X,3G9,B,502
4W55,3H0,A,200
4W57,N4B,A,200
4W5I,3GX,A,1204
4W5I,3GX,B,1204
4W7T,3JC,A,301
4W8D,3JA,A,500
4W9O,3JQ,A,201
4W9O,3JQ,E,201
4W9S,3K1,A,304
4W9W,YDJ,A,401
4W9Y,3K0,A,818
4WA4,G39,A,501
4WDT,WDT,A,402
4WH9,3M8,A,601
4WKB,TDI,A,301
4WLB,3QQ,A,601
4WLB,3QQ,B,601
4WLJ,IK2,A,501
4WLJ,IK2,B,501
4WMA,UPG,A,402
4WMU,19H,A,402
4WNH,UDX,A,402
4WP9,ZDA,A,303
4WPL,URA,A,301
4WRU,URA,A,301
4WRY,URF,A,302
4WRZ,URF,A,302
4WS1,URF,A,301
4WS2,6UA,A,303
4WS3,6UA,A,301
4WS4,5NU,A,303
4WS5,5NU,A,301
4WS6,WBU,A,301
4WS7,5UC,A,301
4WSQ,KSA,A,405
4WSQ,KSA,B,404
4WUA,3UL,A,701
4WVF,GNP,A,301
4WW6,3TV,A,306
4WW8,VD9,A,305
4WW8,VD9,B,308
4WW8,VD9,C,304
4WW8,VD9,D,304
4WX0,HXD,A,302
4WX0,HXD,B,302
4WY1,3VO,A,4000
4WZA,ACP,F,1292
4WZA,ACP,H,1292
4WZV,E40,A,301
4WZV,E40,B,301
4X21,3WH,A,501
4X28,FDA,A,501
4X28,FDA,B,501
4X3P,CNA,A,403
4X4A,SKD,A,801
4X5S,AZM,A,302
4X5S,AZM,B,302
4X5Z,3XY,A,605
4X6K,3XR,A,802
4X7I,3YS,A,401
4X7I,3YS,B,401
4X8D,3GC,A,501
4X8D,3GC,B,501
4X8D,AVI,A,502
4X8D,AVI,B,502
4XAC,AKG,A,303
4XB4,45D,B,201
4XB5,45D,A,501
4XC0,ACP,A,301
4XCT,N73,A,301
4XD0,T3F,A,403
4XD2,NAI,A,403
4XD2,NAI,B,403
4XDR,ADN,A,402
4XDY,HIO,A,406
4XDY,HIO,B,401
4XDY,NAI,A,403
4XDY,NAI,B,404
4XDZ,40E,A,404
4XDZ,40E,B,404
4XE1,IL5,A,305
4XEM,A5A,A,501
4XEQ,PAF,A,401
4XEQ,PAF,B,401
4XEQ,PAF,C,401
4XEQ,PAF,D,401
4XFP,AZA,A,401
4XFP,AZA,B,401
4XFP,AZA,C,401
4XFP,AZA,D,402
4XG7,X7G,A,701
4XHB,17Y,A,701
4XHK,3YR,B,401
4XIP,40W,A,301
4XIQ,40Y,A,301
4XJE,TOY,A,202
4XJO,41O,A,502
4XJO,41O,B,502
4XJP,41N,A,502
4XJP,41N,B,502
4XKR,41K,A,503
4XMO,46G,A,1401
4XNB,3FB,A,902
4XND,HT7,A,902
4XNE,TT4,A,401
4XP3,DX4,A,401
4XRJ,620,A,401
4XSG,GSP,A,201
4XT2,43L,A,401
4XT2,43L,C,401
4XT6,44V,A,302
4XTU,44J,A,301
4XTV,44K,A,301
4XTV,44K,B,301
4XTY,44L,A,301
4XTZ,594,A,301
4XU0,44N,A,301
4XU1,44O,A,301
4XU1,44O,B,301
4XU2,44Q,A,300
4XUG,F9F,A,300
4XV7,1LQ,A,302
4XV9,1OO,A,801
4XWA,43N,A,301
4XX9,RF4,A,402
4XXS,SI5,A,401
4XZH,48I,A,402
4XZH,48I,B,402
4Y0A,SKM,A,201
4Y0I,PSZ,A,501
4Y0I,PSZ,B,502
4Y0I,PSZ,C,503
4Y0I,PSZ,D,501
4Y14,C0A,A,407
4Y14,C0A,B,404
4Y35,F90,A,406
4Y39,45M,A,405
4Y3D,45N,A,401
4Y3Q,F02,A,401
4Y3X,46P,A,401
4Y3X,46P,A,402
4Y57,F63,A,404
4Y5A,47M,A,416
4Y5K,489,A,406
4Y5N,487,A,401
4Y67,RC5,A,501
4Y67,RC5,B,501
4Y6P,R77,A,501
4Y6P,R77,B,501
4Y6Q,OMR,A,502
4Y6Q,OMR,C,502
4Y7A,987,A,303
4Y8X,4GR,A,301
4Y93,746,A,702
4YAB,4CN,A,1103
4YAB,4CN,B,1103
4YAF,2AM,A,703
4YAF,2AM,B,703
4YAG,NAI,A,500
4YAG,NAI,B,500
4YAI,NAI,A,500
4YAI,NAI,B,500
4YAL,2AM,A,703
4YAL,2AM,B,703
4YAW,2AM,A,703
4YAW,2AM,B,703
4YBI,4B2,A,401
4YBI,4B2,B,401
4YBM,4BJ,B,1101
4YC0,5OF,A,301
4YCT,FBF,A,401
4YD6,4AS,A,401
4YDD,MD1,A,1004
4YDD,MD1,C,1004
4YDD,MD1,E,1004
4YES,45S,B,704
4YGF,AZM,A,303
4YGF,AZM,B,303
4YGF,AZM,C,303
4YGF,AZM,D,303
4YGF,AZM,E,303
4YGF,AZM,F,303
4YGF,AZM,G,303
4YGF,AZM,H,303
4YGM,URA,A,304
4YGM,URA,B,305
4YIC,6PC,A,404
4YIC,6PC,B,403
4YIJ,THP,A,202
4YIK,2O2,A,306
4YJK,URA,A,301
4YJK,URA,D,301
4YJK,URA,F,301
4YJO,4DF,A,701
4YJP,4DL,A,701
4YJR,4DJ,A,701
4YJT,4DQ,A,702
4YJU,4DO,A,701
4YKK,DSN,A,302
4YKK,DSN,B,301
4YKQ,4EO,A,301
4YKR,4EP,A,301
4YKU,4ER,A,301
4YKZ,4EV,A,301
4YMA,4E5,A,307
4YMA,4E5,B,304
4YMJ,4EJ,A,901
4YMJ,4EJ,B,901
4YNT,FDA,A,601
4YO7,INS,A,405
4YOI,4F4,A,401
4YP2,NCA,B,302
4YPX,4FG,A,301
4YPY,4F9,A,301
4YPZ,4FL,A,301
4YQ7,4G4,A,301
4YQ8,4FV,A,301
4YQC,EFW,A,301
4YQG,4GY,A,301
4YQJ,4GT,A,301
4YQK,4GS,A,301
4YQR,4HQ,A,301
4YQT,4H8,A,301
4YRW,URC,A,3006
4YRW,URC,B,4006
4YSW,NAI,B,4005
4YSW,URC,A,3007
4YSW,URC,B,4007
4YTF,4HZ,A,4000
4YU1,53N,A,402
4YUV,S4M,A,501
4YUV,S4M,B,501
4YUX,4JT,A,502
4YUX,4JT,B,502
4YUX,S4M,A,501
4YUX,S4M,B,501
4YUY,S4M,A,501
4YUY,S4M,B,501
4YVY,4J3,A,302
4YW6,G0P,A,902
4YW6,G0P,B,902
4YW6,G0P,C,902
4YW6,G0P,D,902
4YW8,1WD,A,704
4YW9,1WD,A,706
4YWY,PBD,A,402
4YWY,PBD,B,402
4YWY,PBD,C,402
4YX4,FB2,A,303
4YX9,4HY,A,401
4YX9,4HY,B,401
4YX9,4HY,C,401
4YX9,4HY,D,401
4YXI,4J8,A,303
4YXO,4JC,A,305
4YXU,4JE,A,305
4YYT,S2O,A,305
4YZZ,6PC,A,404
4Z0P,OXD,A,402
4Z1J,4KC,A,302
4Z1K,4KB,A,302
4Z1S,559,A,201
4Z3V,4L6,A,705
4Z55,4LO,A,1503
4Z65,0X9,A,402
4Z6T,4SX,C,403
4Z6U,4NC,C,403
4Z6V,4NC,C,403
4Z6Z,4SX,C,403
4Z6Z,4SX,D,403
4ZA4,4LU,A,601
4ZA7,4LV,A,606
4ZA9,4MJ,A,601
4ZAB,4LU,A,601
4ZAB,FZZ,A,602
4ZAC,4LU,A,604
4ZAC,4LU,B,604
4ZAC,4LU,C,603
4ZAC,4LU,D,603
4ZB6,GDS,C,300
4ZBA,GDS,A,300
4ZBA,GDS,B,300
4ZBA,GDS,C,300
4ZBA,GDS,D,301
4ZBY,URA,A,202
4ZCW,4NG,A,501
4ZCW,4NG,B,501
4ZED,AGW,A,601
4ZEX,G3H,A,302
4ZG7,4O0,A,908
4ZGK,4NX,A,201
4ZGK,4NX,B,201
4ZIJ,SFQ,A,201
4ZJI,4OQ,A,601
4ZJI,4OQ,B,601
4ZJI,4OQ,C,601
4ZJI,4OQ,D,601
4ZJZ,OOB,A,1000
4ZJZ,OOB,B,603
4ZLY,4RU,A,705
4ZLZ,4RV,A,705
4ZMG,4R5,A,403
4ZNT,OBB,A,601
4ZNT,OBB,B,601
4ZNV,4Q7,A,601
4ZNV,4Q7,B,601
4ZPG,4QF,A,501
4ZQC,F6F,A,301
4ZQC,F6F,A,302
4ZQC,F6F,B,402
4ZQM,XMP,A,601
4ZQT,4QP,A,1101
4ZSG,4QX,A,406
4ZSP,4RZ,A,401
4ZSP,4RZ,B,401
4ZSR,4RY,A,401
4ZSR,4RY,B,401
4ZUM,FKS,A,404
4ZUM,FKS,B,404
4ZUN,SS9,A,401
4ZUN,SS9,B,405
4ZUO,XS6,A,404
4ZUO,XS6,B,404
4ZW3,4S9,A,1101
4ZW6,4SY,A,1101
4ZW7,4SZ,A,1102
4ZX2,4TE,A,503
4ZX3,4TK,A,1102
4ZX4,4TL,A,1101
4ZX5,4TM,A,1102
4ZYT,GAR,A,1101
4ZYX,GAR,A,1101
4ZYY,GAR,A,1101
4ZYZ,GAR,A,1101
4ZZ0,GAR,A,1101
4ZZ1,3YF,A,1102
4ZZ1,GAR,A,1101
4ZZ2,3YG,A,1102
4ZZ2,GAR,A,1101
4ZZN,CQ8,A,1355
5A0Y,COM,A,555
5A0Y,COM,D,555
5A14,LQ5,A,1297
5A1T,NAI,A,345
5A1T,NAI,B,345
5A27,TUT,A,1002
5A28,TUQ,A,1002
5A3T,MMK,A,1756
5A3W,PD2,A,1757
5A5F,UMA,A,450
5A5W,GUO,A,1246
5A5Y,3PO,A,1000
5A5Y,3PO,B,1000
5A60,3PO,A,1000
5A61,3PO,A,500
5A6H,OE2,A,1264
5A6H,OE2,A,1266
5AA9,5P8,A,2402
5AB3,2ER,A,1245
5AB3,2ER,B,1245
5AB3,2ER,C,1245
5ABH,YWN,A,1717
5ABH,YWN,B,1717
5ABT,GUO,A,1247
5ACM,MBT,A,1111
5ADF,H4B,A,760
5ADF,H4B,B,760
5ADG,H4B,A,760
5ADG,H4B,B,760
5ADN,H4B,A,600
5ADN,H4B,B,600
5AG3,3EB,A,1341
5AG3,3EB,B,1341
5AG4,N8N,A,1423
5AG6,5PE,A,1422
5AGM,H4B,A,760
5AGM,H4B,B,760
5AGN,4JK,A,800
5AGN,4JK,B,800
5AGN,H4B,A,760
5AGN,H4B,B,760
5AGO,H4B,A,760
5AGO,H4B,B,760
5AGS,38Y,A,1514
5AGY,GTB,A,1222
5AGY,GTB,B,1220
5AM0,LWS,A,1553
5AMD,45I,A,266
5AMG,IW7,A,266
5AMJ,EF2,A,151
5AMJ,EF2,B,151
5AML,51J,A,266
5ANS,RX8,A,1157
5ANW,9CQ,A,1157
5AOJ,Y0V,A,1291
5AOJ,Y0V,B,1292
5AOK,GOH,A,1292
5AOK,GOH,B,1294
5AOL,UFV,A,1293
5AQF,ADN,A,1382
5AQF,ADN,C,1382
5AQI,ADE,A,1388
5AQI,ADE,C,1387
5AQT,5P7,A,1381
5AQU,UX0,A,1388
5AQV,KC7,A,1382
5AQW,5P7,A,1385
5AUT,2AN,A,301
5AXB,NRN,A,502
5AXB,NRN,C,502
5AXD,RBV,A,502
5AXD,RBV,C,502
5AXP,4LK,A,1003
5AXQ,4LP,A,1003
5B25,4QJ,C,603
5B2Z,GNP,A,201
5B4V,DXX,A,302
5B6E,5HM,A,401
5B6E,5HM,B,401
5B7P,MTA,A,301
5B7P,MTA,B,301
5BJV,UD1,A,702
5BJV,UD1,B,702
5BKB,AKG,A,502
5BKB,AKG,B,502
5BKB,FTV,A,503
5BKC,AKG,A,502
5BKC,AKG,B,502
5BKD,AKG,A,502
5BKD,AKG,B,502
5BQ2,EPU,A,501
5BQ2,EPU,B,501
5BQ2,EPU,C,501
5BQ2,EPU,D,501
5BST,4UU,A,601
5BSU,4UV,A,601
5BSV,4UW,A,600
5BUJ,4VB,A,401
5BV6,35G,A,501
5BVD,4VF,A,401
5BVE,4VG,A,401
5BVF,4VJ,A,401
5BVO,4VE,A,1008
5BVW,1N1,A,1009
5BWH,DHY,C,403
5BWH,DHY,D,403
5BX3,NOJ,A,901
5BX4,GIM,A,901
5BY6,UMP,A,401
5BY6,UMP,B,401
5BY6,UMP,C,401
5BY6,UMP,D,401
5BYA,4WZ,A,402
5BYI,4WA,A,303
5C03,AGS,A,901
5C03,AGS,B,901
5C2A,4Y2,A,803
5C2A,4Y2,B,803
5C2F,JTH,A,503
5C3Z,ACP,A,401
5C3Z,ACP,B,401
5C40,ACP,A,401
5C40,ACP,B,401
5C41,ACP,A,401
5C41,ACP,B,401
5C41,ACP,C,401
5C41,ACP,D,401
5C4T,4Y6,A,601
5C5A,NUT,A,201
5C5R,0E1,A,1202
5C5R,0E1,B,1202
5C5T,AKG,A,301
5C5T,AKG,B,301
5C8W,PCG,A,302
5C8W,PCG,B,303
5C8W,PCG,C,302
5C8W,PCG,E,302
5CB8,ADX,A,301
5CB8,ADX,B,301
5CBR,4ZK,A,301
5CBS,E42,A,301
5CBS,E42,B,301
5CBS,E42,C,301
5CBS,E42,D,301
5CCL,4ZW,A,505
5CDG,NAJ,A,403
5CDG,NAJ,B,403
5CDG,PFB,A,404
5CDG,PFB,B,404
5CDS,NAJ,A,403
5CDS,NAJ,B,403
5CDS,PFB,A,404
5CDS,PFB,B,404
5CDT,NAJ,A,403
5CDT,NAJ,B,403
5CDT,PFB,A,404
5CDT,PFB,B,404
5CEP,50E,A,501
5CF9,NCA,B,302
5CFL,C2E,A,401
5CFM,4BW,A,401
5CFS,APC,A,204
5CFT,51G,A,204
5CFT,APC,A,203
5CFU,51H,A,203
5CGQ,F9F,A,301
5CLU,S8A,A,302
5CMK,LY5,B,301
5CMM,SYM,A,301
5CO4,MTA,A,202
5CO4,MTA,B,401
5CP3,YTZ,A,301
5CPL,536,A,401
5CPL,536,B,401
5CPL,FNR,A,402
5CPL,FNR,B,403
5CPM,FNR,A,402
5CPM,FNR,B,402
5CPO,FNR,A,402
5CPO,FNR,B,402
5CR5,EL1,A,402
5CR5,EL1,B,402
5CU2,54G,A,404
5CU2,54G,B,403
5CXH,55M,A,701
5CXX,FER,B,301
5CXX,FER,C,301
5CXZ,55U,A,703
5CY3,55Y,A,701
5D1J,56H,A,4000
5D29,5Q1,A,818
5D2R,56W,A,523
5D45,57P,A,201
5D48,L96,A,201
5D7D,57X,A,307
5D7O,AR6,A,402
5D7O,AR6,B,402
5D7P,AR6,A,402
5D7P,AR6,B,402
5D85,P1T,A,402
5DAX,AKG,A,402
5DB0,58P,A,610
5DB0,6E6,A,612
5DB1,58O,A,601
5DB2,58R,A,601
5DB3,58Q,A,610
5DBH,0JO,X,402
5DBM,58N,A,1201
5DBM,58N,B,1201
5DCH,1YO,A,201
5DD7,TPS,A,408
5DD7,TPS,B,401
5DD9,59K,A,601
5DDA,59M,A,601
5DDB,59Q,A,601
5DDC,59V,A,601
5DDE,5A0,A,601
5DDE,5A0,A,602
5DH5,5AY,A,803
5DIA,5E6,A,401
5DJ9,PXG,A,505
5DJ9,PXG,B,508
5DNL,5DL,C,203
5DNX,5LD,B,201
5DPX,L3B,A,403
5DPX,L3B,B,403
5DRB,5FJ,A,501
5DW5,0T1,B,603
5DW6,0T1,B,604
5DYF,5HR,A,912
5DZI,5KF,A,901
5DZI,5KF,B,900
5E0I,5J6,B,500
5E0I,5J6,D,500
5E0I,5J6,F,500
5E1C,5K8,A,900
5E1C,5K8,B,901
5E2K,BX4,A,302
5E3K,5JV,A,501
5E3K,5JV,B,501
5E5I,5JV,B,501
5ECQ,JAA,A,601
5ECQ,JAA,D,601
5EDB,5M8,A,201
5EH5,XCZ,A,303
5EHM,OEM,A,301
5EHM,OEM,B,301
5EHR,5OD,A,601
5EHR,5OD,B,601
5EIJ,5OT,A,302
5EKD,5BX,A,401
5EKD,5BX,B,401
5EKH,5RD,A,303
5EKM,TG5,A,304
5ELV,5PX,A,312
5ELV,5PX,B,312
5ENQ,5QE,C,901
5EPR,5QY,A,801
5ERE,COI,A,601
5ERE,CYT,A,602
5ETQ,APC,A,203
5ETQ,APC,B,203
5ETR,5RW,A,202
5ETR,5RW,B,202
5ETR,APC,B,201
5ETS,APC,A,201
5ETS,APC,B,201
5ETT,5RY,A,202
5ETT,5RY,B,202
5ETT,APC,B,201
5EW0,3C7,A,302
5EW0,3C7,B,302
5EW8,5SF,A,803
5EW8,5SF,B,802
5EX5,7DD,A,503
5EX5,7DD,B,503
5EXE,5SR,C,402
5EXE,5SR,F,402
5EXW,7DT,A,501
5EXW,7DT,B,501
5EYC,5SZ,A,1401
5EYP,LOC,B,502
5EYW,PGA,A,301
5EYW,PGA,B,301
5EZG,5T4,A,301
5EZG,5T4,A,302
5F0X,DAT,B,504
5F2N,5UF,A,401
5F2N,5UF,B,401
5F33,PGH,A,302
5F3Z,5V5,A,1003
5F41,5V6,A,1003
5F91,5WJ,A,501
5F91,5WJ,C,501
5F9E,5VS,A,1001
5F9E,5VS,B,1001
5FAJ,DCS,A,401
5FAJ,DCS,B,401
5FAJ,DCS,C,401
5FAJ,DCS,D,401
5FAL,SKT,A,502
5FC5,PC,A,516
5FCT,C2F,A,402
5FDC,5WN,A,302
5FEW,5X8,A,410
5FEZ,9SE,A,410
5FF0,5X8,A,409
5FF2,5XB,A,409
5FF3,PRS,A,413
5FF4,5ZZ,A,409
5FH5,PGA,A,704
5FH7,5XL,A,803
5FH7,5XL,B,801
5FH8,5XK,C,801
5FHN,5XO,A,305
5FHQ,DNC,A,302
5FJK,EM6,A,1350
5FKY,2J4,A,1717
5FKY,2J4,B,1716
5FL1,DV1,A,1716
5FL1,DV1,B,1716
5FL4,9FK,A,269
5FL4,9FK,B,268
5FL4,9FK,C,267
5FL4,9FK,D,266
5FL6,Y0R,A,268
5FL6,Y0R,B,269
5FL6,Y0R,C,267
5FL6,Y0R,D,266
5FLR,XCZ,A,1266
5FNI,YIH,A,1265
5FNQ,S0W,A,1614
5FNS,XYY,A,1614
5FNT,0PL,A,1615
5FNU,L6I,A,1615
5FOL,SO8,A,1544
5FP8,AUY,A,1341
5FP9,4SV,A,1342
5FSO,S76,A,1158
5FSY,AR6,A,1262
5FTQ,U4W,A,2402
5FVS,H4B,A,760
5FVS,H4B,B,760
5FWA,J7C,A,1446
5FXD,H7Y,A,601
5FXD,H7Y,B,601
5FXE,CIY,A,602
5FXE,CIY,B,602
5FYB,77J,A,1761
5FYM,2HG,A,2267
5FYM,2HG,B,2274
5FYZ,NYK,A,1756
5G03,OE2,A,1263
5G09,6DF,A,1475
5G09,6DF,B,1474
5G09,6DF,C,1475
5G09,6DF,D,1476
5G0N,H4B,A,760
5G0N,H4B,B,760
5G3T,FDA,A,419
5G3T,FDA,B,419
5G3T,FDA,C,419
5G3T,FDA,D,419
5G44,I6G,A,1510
5G44,YTZ,A,1512
5G4J,EXT,A,1441
5G4J,EXT,B,1440
5G5G,MCN,C,921
5G6G,H8B,A,1367
5G6M,9M9,A,904
5GG6,8DG,A,401
5GG6,8DG,B,401
5GHF,PMP,A,501
5GHG,PMP,B,501
5GI7,54W,A,302
5GI8,7DP,A,302
5GI9,7AN,A,302
5GIG,7DP,A,302
5GIH,54W,A,302
5GII,54W,A,302
5GL5,UPG,A,1201
5GL5,UPG,B,1201
5GMD,DP6,A,1001
5GME,DP6,A,1001
5GMN,949,A,302
5GMZ,6XU,B,202
5GMZ,6XU,D,204
5GMZ,6XU,F,202
5GRM,1SY,B,401
5GRN,748,A,1001
5GWE,GWM,A,502
5GWE,GWM,B,502
5GWE,GWM,C,502
5GWE,GWM,D,502
5GZM,YCP,A,402
5GZM,YCP,B,402
5H0G,OOU,A,601
5H0H,OOV,A,601
5H2D,ERG,A,1301
5H2Z,7GF,A,407
5H39,UMP,A,401
5H39,UMP,B,401
5H41,IFM,A,1203
5H41,IFM,B,1203
5H56,TYD,A,202
5H56,TYD,B,202
5H63,UD1,A,401
5H63,UD1,B,401
5H68,AGS,A,701
5H68,AGS,B,701
5H8G,5Y4,A,421
5H8Q,5YE,B,302
5H8T,RTL,A,201
5H9I,XAN,A,301
5HBS,RTL,A,201
5HC2,NPO,A,401
5HC2,NPO,B,401
5HC2,NPO,C,401
5HC2,NPO,D,401
5HC8,PIS,A,402
5HCL,5Y9,A,201
5HCO,601,A,404
5HD0,60Y,A,502
5HD0,60Y,B,502
5HDM,PMP,B,502
5HDV,60V,A,501
5HDV,60V,B,502
5HE5,60S,A,502
5HE5,60S,B,502
5HH5,60M,A,407
5HHW,60O,A,1401
5HHY,PLR,A,401
5HHY,PLR,B,401
5HIA,YPG,A,301
5HIA,YPG,B,301
5HIA,YPG,C,301
5HIA,YPG,D,301
5HIS,60P,A,403
5HJ5,F6R,A,301
5HJ5,F6R,B,301
5HJ5,F6R,C,301
5HJ5,F6R,D,301
5HJX,CAP,A,500
5HJX,CAP,B,500
5HJX,CAP,C,500
5HJX,CAP,D,500
5HJX,CAP,E,500
5HJX,CAP,F,500
5HKO,62W,A,425
5HMI,62T,A,1001
5HMI,62T,B,1001
5HMR,FDZ,A,602
5HMZ,LNZ,A,1003
5HOH,2GP,A,307
5HOH,2GP,D,311
5HPB,63W,A,202
5HRW,64E,A,801
5HRW,64E,B,801
5HTL,C2E,A,201
5HTL,C2E,B,201
5HTZ,66J,A,501
5HTZ,66J,B,501
5HU0,66H,A,502
5HU0,66H,B,502
5HU1,66F,A,501
5HU1,66F,B,501
5HX1,UMP,A,201
5HX1,UMP,B,201
5HYL,DUP,A,201
5HYL,DUP,B,201
5HZ6,65Y,A,201
5HZ8,65Z,A,200
5HZZ,UMP,C,201
5HZZ,UMP,D,201
5I00,AFQ,A,406
5I02,PK2,A,402
5I03,NEZ,A,405
5I06,E89,A,402
5I0J,UMP,A,201
5I0J,UMP,B,201
5I34,IMP,A,502
5I34,IMP,B,502
5I3Q,68E,A,1003
5I40,67N,A,206
5I49,2KH,A,702
5I5X,PMP,A,401
5I5X,PMP,B,401
5I5Y,68D,A,402
5I5Y,68D,B,402
5I6D,AU6,A,402
5I6D,AU6,B,402
5I6D,AU6,C,402
5I6D,AU6,D,402
5I7I,3HB,A,401
5I7I,3HB,B,401
5I7R,68W,A,402
5I7R,68W,B,402
5I7S,E9P,A,302
5I7U,6AJ,A,812
5I7U,6AJ,B,812
5I83,68Y,A,1202
5I89,69B,A,1203
5I8Y,KMT,A,202
5I91,KMT,A,202
5IA0,A5B,A,1001
5IA0,A5B,B,1001
5IA0,A5B,C,1001
5IA2,L66,A,1001
5IA3,P17,A,1001
5IAI,RB0,A,501
5IBY,LPA,A,401
5IBZ,UVW,A,401
5IBZ,UVW,B,401
5IBZ,UVW,C,401
5IBZ,UVW,D,401
5ICH,SH5,A,401
5ICH,SH5,B,401
5ICL,LAQ,A,401
5ICL,LAQ,B,401
5IDH,SH6,A,401
5IED,CTS,A,1025
5IEE,NOJ,A,1023
5IEG,6A9,A,1003
5IFK,HPA,A,401
5IFK,HPA,B,401
5IFK,HPA,C,401
5IGY,ERY,A,403
5IH0,ERY,A,404
5ILW,URI,A,802
5IN4,6CK,A,1003
5IN4,6CK,B,401
5IN4,6CK,C,1003
5IN4,6CK,D,401
5IN5,GFB,A,1003
5IN5,GFB,B,401
5IN5,GFB,C,1003
5IN5,GFB,D,401
5INJ,DST,A,503
5IOQ,DUR,B,302
5IOQ,DUR,B,303
5IOQ,DUR,C,302
5IOQ,DUR,D,302
5IOS,UMP,A,302
5IOS,UMP,A,303
5IOS,UMP,C,302
5IOS,UMP,D,302
5IOT,UMP,A,302
5IOT,UMP,B,302
5IOT,UMP,C,302
5IOT,UMP,D,302
5IOY,6C5,A,301
5IOY,6C5,A,302
5IOY,6C5,A,304
5IS4,6LY,A,401
5ISM,6DG,A,811
5ISM,6DG,B,810
5ITA,6DC,A,801
5ITA,6DC,B,801
5ITP,6DB,A,301
5ITP,6DB,B,301
5IU0,CAP,A,502
5IU0,CAP,B,502
5IU4,ZMA,A,2401
5IU7,6DY,A,2401
5IV3,LRI,A,506
5IV4,LRI,A,501
5IVB,AKG,A,601
5IVE,6E8,A,601
5IVG,FPS,A,704
5IVG,FPS,B,704
5IVG,FPS,C,704
5IVG,FPS,D,704
5IVT,6EE,A,102
5IVT,6EE,B,101
5IVV,6EN,A,601
5IW0,6EP,A,601
5IZZ,3HP,A,401
5J1Q,CXA,A,402
5J1U,P93,A,301
5J1Y,P87,A,301
5J1Y,P87,A,302
5J20,6FJ,A,301
5J27,6FF,A,301
5J2X,6DL,A,301
5J3L,6FR,A,301
5J48,6FW,B,405
5J55,V55,A,503
5J5R,IMP,A,402
5J64,6G7,A,301
5J6L,6GC,A,301
5J6M,6FJ,A,301
5J6N,6FF,A,301
5J75,6GQ,A,303
5J75,6GQ,B,303
5J7F,6GG,A,201
5J7F,6GG,B,201
5J7F,6GG,C,201
5J7F,6GG,D,201
5J7G,6GG,A,201
5J7G,6GG,B,201
5J86,6GW,A,301
5J9X,6GC,A,301
5JA0,FPP,F,402
5JAI,NAI,A,401
5JAU,6HU,A,504
5JAX,6J7,A,401
5JAZ,LC5,A,501
5JAZ,LC5,B,501
5JBI,6J8,A,501
5JBI,6J8,B,501
5JC1,6JB,A,501
5JC1,6JB,B,502
5JDV,EVF,B,302
5JDY,TOF,A,302
5JDY,TOF,B,303
5JE7,EVF,B,302
5JEG,EVF,B,302
5JEI,FWD,A,301
5JEP,EVF,B,302
5JES,EVF,B,302
5JF6,BB4,A,301
5JFV,6K1,A,4000
5JFW,6K2,A,4000
5JFX,6K4,A,4000
5JG3,EVF,B,301
5JG5,EVF,B,301
5JGA,6KC,A,601
5JGM,810,A,408
5JGS,EVF,B,301
5JGT,EVI,B,303
5JIX,6J7,A,511
5JIZ,6FW,A,501
5JJR,68E,A,1004
5JJS,6L2,A,1004
5JMP,LC7,A,501
5JMP,LC7,B,502
5JMW,L50,A,501
5JMW,L50,B,501
5JMY,6LD,A,807
5JMY,6LD,B,807
5JN7,6LU,A,302
5JNA,TOR,A,302
5JNA,TOR,B,302
5JNA,TOR,C,302
5JNA,TOR,D,302
5JO0,L56,A,501
5JO0,L56,B,501
5JQ1,ZPF,B,1003
5JSQ,6MS,A,301
5JSQ,6MS,B,301
5JSV,6MQ,A,406
5JSW,6MM,A,413
5JTT,6MY,A,902
5JTU,6NE,A,902
5JXZ,ISC,A,402
5JXZ,ISC,B,402
5JXZ,ISJ,A,403
5JXZ,ISJ,B,403
5JZJ,AN2,A,703
5JZJ,AN2,B,902
5K0C,6OZ,A,304
5K0C,6OZ,B,302
5K0J,6P2,A,302
5K0J,6P2,B,303
5K0M,6PU,A,501
5K0N,6P0,A,304
5K0N,6P0,B,303
5K0N,6P0,C,304
5K0R,FNR,A,400
5K1K,HBA,A,403
5K3B,R3W,A,402
5K3X,MSS,A,401
5K3X,MSS,B,401
5K41,ADQ,A,501
5K4I,6QB,A,401
5K4M,SV7,A,308
5K4W,NAI,A,1401
5K4W,NAI,C,1401
5K4X,IMP,A,402
5K4Z,IMP,A,401
5K8X,6ZH,A,501
5K8X,6ZH,B,501
5K8X,6ZH,C,501
5K8X,6ZH,D,501
5K9C,FNR,A,400
5K9D,FNR,A,400
5KA1,OTA,A,301
5KAS,PC,A,517
5KB5,ADN,A,401
5KB6,ADN,A,401
5KB6,ADN,B,401
5KCD,OB2,A,601
5KCD,OB2,B,601
5KCP,NAJ,A,377
5KCP,NAJ,B,377
5KCT,OB6,B,601
5KCZ,NAJ,A,377
5KCZ,NAJ,B,377
5KDB,4IA,A,502
5KDY,ANN,A,502
5KF7,TFB,A,2003
5KGG,6SO,A,423
5KHD,C2E,A,202
5KHH,6SW,A,701
5KJ1,NAJ,A,377
5KJ1,NAJ,B,377
5KJ1,PFB,A,378
5KJ1,PFB,B,378
5KJ6,NAJ,A,377
5KJ6,NAJ,B,377
5KJC,NAJ,A,377
5KJC,NAJ,B,377
5KJE,NAJ,A,377
5KJE,NAJ,B,377
5KJE,PFB,A,378
5KJE,PFB,B,378
5KJF,NAJ,A,377
5KJF,NAJ,B,377
5KKA,6V0,A,401
5KKA,6V0,B,401
5KKC,6V0,B,401
5KLO,2VS,A,601
5KLO,2VS,B,601
5KLO,2VS,C,601
5KLO,2VS,D,601
5KLY,6UR,A,201
5KM0,IMP,A,201
5KM0,IMP,D,201
5KM1,5GP,A,201
5KM3,U5P,A,201
5KM4,IU,A,201
5KMA,777,A,201
5KMI,6UE,A,901
5KO5,CYT,A,301
5KR7,6X9,A,403
5KR7,6X9,B,403
5KTO,NTM,A,402
5KTS,CIZ,A,402
5KUP,6XL,A,706
5KV9,I57,B,605
5L09,482,A,201
5L09,482,B,202
5L0N,6ZA,A,406
5L0U,660,A,404
5L2Y,70D,H,301
5L2Z,70C,H,301
5L3S,GNP,A,301
5L3S,GNP,B,401
5L3S,GNP,C,301
5L3S,GNP,D,401
5L3S,GNP,E,301
5L3S,GNP,F,401
5L3S,GNP,G,301
5L3S,GNP,H,401
5L77,GUX,A,506
5L7E,6Q0,A,1106
5L8D,6RP,B,608
5L8D,EDT,A,609
5L9B,AKG,A,502
5L9B,AKG,B,502
5L9I,SNW,A,401
5L9I,SNW,B,401
5LAV,6SK,A,201
5LBY,6T2,A,303
5LBZ,6T3,A,302
5LBZ,6T3,B,302
5LCF,6TJ,A,504
5LCP,M77,A,401
5LCQ,6TV,A,401
5LCR,6TX,A,401
5LCT,6TY,A,401
5LCU,IQP,A,401
5LGZ,FNR,A,403
5LHV,URA,A,304
5LHV,URA,B,304
5LHV,URA,C,303
5LHV,URA,D,303
5LHV,URA,E,303
5LHV,URA,F,303
5LI8,KKK,A,502
5LIA,6XN,A,908
5LIW,1WX,X,402
5LJQ,ANV,A,302
5LL4,6YH,A,306
5LL4,6YH,B,305
5LL8,6YP,A,306
5LL9,6YQ,A,302
5LL9,6YQ,B,302
5LL9,6YQ,C,302
5LL9,6YQ,D,302
5LLC,V26,A,308
5LLG,VD9,A,302
5LLO,5EF,A,303
5LLO,5EF,B,303
5LLO,5EF,C,302
5LLO,5EF,D,303
5LMA,6ZG,A,701
5LMB,6ZF,A,701
5LNW,HG3,A,403
5LNW,HG3,B,403
5LNW,HG3,C,403
5LNW,HG3,D,403
5LNY,70K,A,301
5LO5,70M,A,301
5LPO,725,A,407
5LQ1,GB,A,303
5LQ1,GB,B,303
5LQ8,GB,A,401
5LR1,72Y,A,4000
5LR7,73J,A,4000
5LRD,KS2,A,901
5LRE,KS3,A,901
5LRF,KS3,A,901
5LRL,73S,A,4000
5LS7,ACO,B,203
5LSA,DNC,A,304
5LV4,78K,A,401
5LVN,ADN,A,402
5LVS,6H0,B,303
5LWM,PHU,A,1202
5LWN,PHU,A,1201
5LWR,7B2,A,401
5M0B,IQU,A,401
5M0L,7CT,A,401
5M0Z,NA7,A,602
5M10,NCA,A,603
5M4C,7EY,A,401
5M5K,ADN,A,502
5M5K,ADN,B,502
5M5K,ADN,C,502
5M66,ADN,A,502
5M66,ADN,B,502
5M66,ADN,C,502
5M66,ADN,D,502
5M67,3D1,C,503
5M67,3D1,D,503
5M67,ADE,A,504
5M67,ADE,B,503
5M6V,H52,A,401
5M6Y,7KB,A,401
5M71,7K7,A,401
5M75,9K6,A,402
5M79,U5P,A,402
5M7D,GDU,A,402
5MAH,7KD,A,401
5MAR,AR6,A,402
5MAR,AR6,B,402
5MB5,46P,A,336
5MEH,DMJ,A,506
5MEK,A3P,A,401
5MF5,C2E,A,301
5MF6,AR6,A,401
5MF6,AR6,B,401
5MFP,AR6,A,401
5MFP,AR6,B,401
5MFQ,2J9,A,901
5MFQ,2J9,A,902
5MHA,7N6,B,408
5MI6,NHT,A,801
5MJN,7O8,A,302
5MK4,I5W,A,501
5MK4,I5W,C,501
5MKU,J57,A,501
5ML5,1VI,A,404
5MLD,8DP,A,301
5MLD,8DP,B,301
5MLD,8DP,C,301
5MLD,8DP,D,301
5MLD,8DP,E,301
5MLD,8DP,F,301
5MLD,8DP,G,301
5MLD,8DP,H,301
5MLJ,9ST,A,902
5MLJ,9ST,B,902
5MMN,O54,A,301
5MN1,2AP,A,306
5MNK,ABN,A,302
5MNL,ABN,A,302
5MNM,ABN,A,305
5MNQ,J3I,A,307
5MPZ,4I8,A,1201
5MQE,PKU,A,1201
5MSA,3TV,A,302
5MSA,3TV,B,302
5MSA,3TV,C,302
5MSA,3TV,D,302
5MSB,V13,A,303
5MSB,V13,B,305
5MSB,V13,C,302
5MSB,V13,D,305
5MTP,53K,A,302
5MTP,53K,B,302
5MTP,53K,C,302
5MTP,53K,D,302
5MTP,53K,E,302
5MTP,53K,F,302
5MTP,53K,G,302
5MTP,53K,H,302
5MTR,XT0,A,302
5MTR,XT0,B,302
5MTR,XT0,C,302
5MTR,XT0,D,302
5MTR,XT0,E,302
5MTR,XT0,F,302
5MTR,XT0,G,302
5MTR,XT0,H,302
5MUT,HYT,A,403
5MVC,Y9B,A,403
5MWU,6RP,B,608
5MX7,D3V,A1,4000
5MXX,W4A,A,701
5MYQ,HBF,B,201
5MZ2,CAP,A,902
5MZ2,CAP,B,902
5MZ2,CAP,C,902
5MZ2,CAP,D,902
5MZ2,CAP,E,902
5MZ2,CAP,F,902
5MZ2,CAP,G,902
5MZ2,CAP,H,902
5MZG,2GE,A,201
5MZG,2GE,B,201
5MZJ,TEP,A,2401
5MZL,8ET,A,401
5N0D,8F2,A,302
5N16,8FN,A,401
5N16,8FN,A,404
5N16,8FN,C,401
5N1D,8FZ,A,403
5N1L,47V,A,401
5N1R,8GH,A,303
5N1S,8GE,A,303
5N24,8HE,A,302
5N25,8HK,A,302
5N33,8JW,A,401
5N37,8JT,A,402
5N3E,46L,A,401
5N3J,4NB,A,402
5N3L,E5E,A,403
5N3O,5AO,A,404
5N3P,5H1,A,403
5N3Q,3AB,A,402
5N4S,R38,A,504
5N4S,R38,B,504
5N4T,R59,A,504
5N4T,R59,B,304
5N4V,8MW,A,401
5N5H,S3C,A,303
5N6G,8OZ,A,402
5N7P,E9Q,A,401
5N7U,8PQ,A,402
5N81,8Q2,A,501
5N81,8Q2,B,501
5N9Z,CAP,A,502
5N9Z,CAP,B,502
5N9Z,CAP,C,502
5N9Z,CAP,D,502
5N9Z,CAP,E,502
5N9Z,CAP,F,502
5N9Z,CAP,G,502
5N9Z,CAP,H,502
5NAB,8RK,A,503
5NAB,8RK,B,503
5NAE,8R8,A,502
5NAE,8R8,B,502
5NAG,8R5,A,502
5NAG,8R5,B,502
5NAH,8RB,A,502
5NAH,8RB,B,502
5NAI,93W,A,304
5NCB,JZ3,A,502
5NCI,AKG,A,302
5NCI,AKG,B,302
5NCJ,HL5,A,303
5NCJ,HL5,B,303
5NCY,8TK,A,1104
5NCZ,8TN,A,1105
5NE5,KIF,A,501
5NEA,8V8,A,302
5NEE,8V5,A,302
5NG9,8VN,A,304
5NG9,8WQ,A,305
5NHH,8XH,A,404
5NI8,8Y2,A,601
5NIB,8Y5,A,601
5NIH,8VE,A,304
5NIH,8VE,B,303
5NK5,90K,A,1001
5NKA,91H,A,1001
5NKE,90B,A,1001
5NM2,ZMA,A,1202
5NN5,NOJ,A,1016
5NN6,MIG,A,1013
5NS8,NOJ,A,506
5NS8,NOJ,B,510
5NS8,NOJ,C,506
5NT0,97H,A,1204
5NT0,97H,B,1204
5NT4,97Z,A,1204
5NT4,97Z,B,1204
5NTP,98E,A,501
5NU1,8YB,A,601
5NU1,8YB,B,601
5NUT,9A8,A,1204
5NUT,9A8,B,1204
5NVC,9AN,A,1203
5NVC,9AN,B,1203
5NVE,9AQ,A,1204
5NVE,9AQ,B,1204
5NVH,9B2,A,1204
5NVH,9B2,B,1204
5NW7,9C2,A,502
5NWD,9C8,A,1201
5NWD,9C8,B,1201
5NX6,LA6,A,401
5NX6,LA6,B,401
5NX7,0FV,A,400
5NX7,0FV,B,400
5NX7,LA6,A,401
5NX7,LA6,B,401
5NXD,9D8,A,701
5NXD,9D8,B,701
5NXO,9HK,A,302
5NXV,9E2,A,302
5NXY,1Y8,A,301
5NXY,1Y8,C,301
5NY3,9E8,A,302
5NY6,9EB,A,302
5NY7,NCA,A,302
5NY7,NCA,A,303
5NYA,FB2,A,302
5NYH,9EK,A,301
5NZ4,G39,A,503
5NZ4,G39,B,503
5NZG,UPG,A,601
5O07,1VQ,A,302
5O08,COD,A,201
5O08,COD,B,201
5O08,COD,C,201
5O0E,M77,A,401
5O0J,8BR,A,501
5O0S,9FQ,A,911
5O1A,9H5,A,402
5O1B,9H2,A,402
5O1B,9H2,B,402
5O1C,9GZ,A,402
5O1C,9GZ,B,402
5O1D,9GW,A,402
5O1D,9GW,B,404
5O1E,9GT,A,402
5O1E,9GT,B,402
5O1F,9GQ,A,402
5O1F,9GQ,B,402
5O1G,9GK,A,402
5O1G,9GK,B,402
5O1H,9GN,A,402
5O1H,9GN,B,402
5O1I,9GH,A,402
5O2D,9HH,A,1201
5O37,GB,A,301
5O50,9L2,A,902
5O52,9LE,A,902
5O6H,9M2,A,2005
5O6H,9M2,B,2007
5O7F,5GP,A,401
5O7F,5GP,B,401
5O9A,7M6,A,305
5O9A,7M6,B,304
5O9A,7M6,C,307
5O9A,7M6,D,305
5O9O,9PB,A,601
5O9W,AKG,A,402
5OAH,95B,B,402
5OCG,GNP,A,202
5OCO,GNP,A,201
5OCO,GNP,B,201
5OCO,GNP,C,201
5OCO,GNP,D,201
5OCO,GNP,E,201
5OCO,GNP,F,201
5OD2,5ID,A,502
5OD2,5ID,B,502
5OD2,5ID,C,502
5OEW,9TE,B,901
5OG7,FLK,A,402
5OGO,WWO,A,302
5OH7,HYN,A,202
5OH7,HYN,B,202
5OHJ,9VE,A,801
5OHJ,9VE,B,801
5OHY,9VH,A,704
5OHY,9VH,B,707
5OHY,9VH,C,707
5OHY,9VH,D,705
5OIC,9VQ,A,302
5OIM,9VZ,A,301
5OIR,9W8,A,302
5OJ7,AR6,A,401
5OJN,9X8,A,402
5OK3,M77,A,401
5OL3,9LQ,A,401
5OLG,ZMA,A,1201
5OLV,9Y2,A,1201
5OMG,9Y8,A,402
5OMR,V55,A,502
5OMS,261,A,502
5OMU,3DM,A,502
5OO8,URI,A,202
5OO9,URI,A,201
5OOA,URI,A,201
5OQ8,A0Q,A,301
5ORG,6DB,A,321
5ORG,6DB,B,313
5OSW,DIU,A,601
5OSW,DIU,A,602
5OSW,DIU,A,603
5OSW,DIU,A,604
5OSW,DIU,A,605
5OSW,DIU,A,606
5OTE,AQE,A,501
5OTZ,AUT,A,404
5OVZ,2W2,A,301
5OVZ,2W2,B,301
5OWY,B0W,A,902
5OWZ,B0Z,A,903
5OX1,B1K,A,901
5OX4,B1W,A,901
5P9F,2VL,A,701
5P9I,1E8,A,701
5P9U,7JL,A,303
5PA9,ABN,C,506
5PAF,7LR,B,508
5PAG,7YJ,B,501
5PAY,7ZY,C,506
5PB0,7LX,B,501
5PH0,71N,A,417
5PH5,ES3,A,415
5PZR,93S,A,401
5PZR,93S,B,401
5PZU,94D,A,401
5PZU,94D,B,401
5PZU,94D,C,401
5PZU,94D,D,401
5Q09,96A,A,401
5Q09,96A,B,401
5Q09,96A,C,401
5Q09,96A,D,401
5Q09,96A,E,401
5Q09,96A,F,401
5Q09,96A,G,401
5Q09,96A,H,401
5Q0J,9KV,C,501
5Q0O,9L7,A,502
5Q0O,9L7,C,501
5Q0U,9LP,A,501
5Q0U,9LP,C,501
5Q12,9MA,A,501
5Q13,9MD,A,501
5Q13,9MD,C,501
5Q1D,9ND,A,501
5Q1D,9ND,C,501
5Q1Z,AYS,A,1103
5QB6,D5Y,A,407
5QCQ,AFJ,A,401
5QCQ,AFJ,B,401
5QCQ,AFJ,C,401
5QCU,E51,A,401
5QCU,E51,B,401
5QCU,E51,C,401
5QI7,GVV,A,1404
5QK2,JH4,B,305
5QQO,NRJ,A,301
5QTY,QLJ,A,301
5QTZ,QMY,A,601
5QU0,QMV,A,601
5R4X,K3D,A,1201
5R8Z,SN4,A,401
5R9I,SQY,A,401
5RGE,6NT,A,500
5RJN,UUV,A,1501
5RKI,K2M,A,1501
5RZQ,WJ7,A,401
5RZR,VVG,A,401
5S75,LU8,A,501
5S76,LU8,A,501
5S77,LU8,A,501
5S78,LU8,A,501
5S7A,LU8,A,501
5S7B,LU8,A,501
5S7C,LU8,A,501
5S7D,LU8,A,501
5S7E,LU8,A,501
5S7F,LU8,A,501
5S7I,LU8,A,501
5S7J,LU8,A,501
5S7K,LU8,A,501
5S7L,LU8,A,501
5S7M,LU8,A,501
5S7N,LU8,A,501
5S7O,LU8,A,501
5S7P,LU8,A,501
5S7T,LU8,A,501
5S7V,LU8,A,501
5S7W,LU8,A,501
5S7X,LU8,A,501
5S7Y,LU8,A,501
5S7Z,LU8,A,501
5S80,LU8,A,501
5S81,LU8,A,501
5S83,LU8,A,501
5S85,LU8,A,501
5S88,LU8,A,501
5S89,LU8,A,501
5S8A,LU8,A,501
5S8E,5WY,A,1501
5SAK,ZRY,A,404
5SAM,ZS7,A,402
5SAQ,ZSJ,A,401
5SAU,1IF,A,1000
5SAX,1IM,A,1009
5SB1,1JI,A,1001
5SB2,1K2,A,1006
5SCM,GHU,A,207
5SCP,GWL,B,203
5SCT,H03,A,202
5SCU,H0I,A,202
5SCW,H6O,A,202
5SCX,HJI,A,202
5SCY,HEI,A,202
5SD0,HIK,A,202
5SD2,HJI,A,202
5SD3,H9I,A,202
5SD4,HVR,A,202
5SD5,HWI,A,202
5SD7,I0E,A,202
5SF5,IJH,A,803
5SF5,IJH,B,803
5SF5,IJH,C,803
5SF5,IJH,D,803
5SFB,IK0,A,803
5SFB,IK0,B,803
5SFB,IK0,C,803
5SFB,IK0,D,803
5SG3,IVE,A,803
5SG3,IVE,B,803
5SG3,IVE,C,803
5SG3,IVE,D,803
5SG6,IVT,A,803
5SG6,IVT,B,803
5SG6,IVT,C,803
5SG6,IVT,D,803
5SGP,IYD,A,804
5SGP,IYD,B,803
5SGP,IYD,C,803
5SGP,IYD,D,803
5SGW,IZ6,A,803
5SGW,IZ6,B,803
5SGW,IZ6,C,803
5SGW,IZ6,D,803
5SH3,J2L,A,803
5SH3,J2L,B,803
5SH3,J2L,C,803
5SH3,J2L,D,803
5SH8,J9C,A,801
5SH8,J9C,B,801
5SH8,J9C,C,801
5SH8,J9C,D,801
5SHB,JCJ,A,803
5SHB,JCJ,B,803
5SHB,JCJ,C,803
5SHB,JCJ,D,803
5SI1,JKO,A,803
5SIH,JPF,A,804
5SIH,JPF,B,804
5SIH,JPF,C,803
5SIH,JPF,D,803
5SIS,JSM,A,803
5SJG,K2L,A,803
5SJG,K2L,B,803
5SJG,K2L,C,803
5SJG,K2L,D,803
5SW3,46L,A,405
5SZ4,72D,A,304
5SZ5,72E,A,303
5SZ6,72G,A,302
5T05,A3P,A,1401
5T05,A3P,B,1401
5T0A,A3P,A,2012
5T0A,A3P,B,1413
5T1P,GPE,A,402
5T1P,GPE,B,401
5T1P,GPE,C,401
5T1P,GPE,D,401
5T1U,P6U,A,401
5T22,AKG,A,303
5T22,AKG,B,302
5T2P,K89,B,201
5T2P,K89,D,201
5T2P,K89,F,201
5T2Z,017,B,201
5T4F,75M,A,812
5T4F,75M,B,811
5T5I,MGD,B,503
5T5I,MGD,B,504
5T5I,MGD,J,503
5T5I,MGD,J,504
5T71,75W,A,303
5T72,4WA,A,303
5T74,75Y,A,303
5T75,4WA,A,302
5T8K,ADE,A,503
5T8K,ADE,B,503
5T8K,ADE,C,503
5T8K,ADE,D,503
5T8S,3PO,B,404
5T9C,G3P,E,302
5TC4,L34,A,402
5TCK,BMF,A,401
5TCK,BMF,B,801
5TCY,5LC,B,402
5TCY,5LC,C,402
5TDF,7A3,A,901
5TED,SKM,A,401
5TED,SKM,B,401
5TFA,DUT,A,701
5TFB,MGP,A,702
5TFG,M5T,A,702
5TFI,DGT,A,702
5TFJ,DCP,A,702
5TGK,DTP,A,702
5THV,B3N,A,404
5THV,B3N,B,404
5TIE,OCA,A,201
5TIF,OCA,A,201
5TIU,7CU,A,701
5TIV,A3P,A,301
5TIW,A3P,A,301
5TIW,A3P,B,301
5TIX,A3P,A,301
5TIX,A3P,B,301
5TIY,A3P,A,301
5TJX,GBT,A,701
5TJZ,PDC,A,301
5TKD,7GL,A,901
5TKD,7GL,B,901
5TKS,7DL,A,301
5TPU,TYD,B,200
5TPU,TYD,C,201
5TPU,TYD,D,201
5TQE,7KQ,H,301
5TQF,7KR,H,301
5TQG,7KS,H,301
5TR6,7KG,A,701
5TSD,OXD,A,402
5TSD,OXD,B,402
5TT7,7KF,A,901
5TUX,ECH,A,401
5TWM,7NG,A,601
5TXY,7Q1,A,303
5TY1,7QV,A,302
5TY8,7Q1,A,302
5TY9,7QV,A,302
5TYA,7QS,A,302
5TZZ,7OJ,A,1001
5TZZ,7OJ,B,1001
5TZZ,7OJ,C,1001
5TZZ,7OJ,D,1001
5U00,7OV,B,1001
5U00,7OV,C,1001
5U00,7OV,D,1001
5U0D,7R7,A,302
5U0E,7R4,A,302
5U0F,7R1,A,302
5U0V,7VJ,A,301
5U0V,7VJ,B,302
5U0W,9MG,A,301
5U0W,9MG,B,301
5U0Y,7PJ,A,301
5U0Y,7PJ,B,301
5U1H,7QA,C,201
5U21,TQP,A,402
5U21,TQP,B,401
5U21,TQP,C,402
5U21,TQP,D,401
5U23,TQP,A,401
5U23,TQP,B,402
5U23,TQP,C,402
5U23,TQP,D,401
5U24,7SG,A,402
5U24,7SG,B,401
5U24,7SG,C,402
5U24,7SG,D,401
5U26,MMV,A,201
5U2D,OBH,A,601
5U2D,OBH,B,601
5U2N,7TA,A,504
5U2N,7TA,B,504
5U3F,7TS,A,400
5U3F,7TS,B,400
5U3Q,7UJ,A,501
5U3Q,7UJ,B,501
5U3R,7V1,A,502
5U3R,7V1,B,501
5U3Y,7U7,A,502
5U3Y,7U7,B,501
5U40,7UD,A,501
5U40,7UD,B,502
5U5F,MRY,B,301
5U5H,7VV,A,501
5U5U,NTN,A,302
5U5X,TP5,A,302
5U5Z,7VP,A,302
5U6T,81J,A,502
5U6U,81M,A,502
5U8C,84J,B,301
5U98,1KX,A,301
5U98,1KX,D,301
5U9D,83P,A,701
5UAB,84M,A,1401
5UD3,P6F,A,404
5UD3,P6F,B,404
5UD4,P6T,A,404
5UD4,P6T,B,404
5UE1,9DA,A,301
5UE1,9DA,B,301
5UE4,5XQ,B,307
5UEQ,87M,A,501
5UER,87P,A,501
5UES,87S,A,501
5UEW,87D,B,501
5UEZ,89G,A,501
5UF0,89J,A,501
5UFM,AZ8,A,302
5UFM,AZ8,B,303
5UG2,86J,A,302
5UIO,LG3,A,201
5UIO,LG3,B,201
5UIO,LG3,C,201
5UIO,LG3,D,201
5UIO,LG3,E,201
5UIP,LG3,A,202
5UIP,LG3,B,202
5ULN,8JS,A,303
5ULP,KB1,A,301
5ULP,KB1,B,301
5UO1,H4B,A,802
5UO1,H4B,B,802
5UO4,H4B,A,802
5UO4,H4B,B,802
5UOY,8HM,A,603
5UPG,8GJ,A,401
5UQL,U2F,A,602
5UR4,PYV,A,201
5USJ,GNP,A,1002
5USJ,GNP,B,1002
5USJ,GNP,C,1002
5USJ,GNP,D,1002
5USJ,GNP,E,1002
5USJ,GNP,F,1002
5UT2,3YT,A,903
5UVB,8QM,A,503
5UVT,8NV,A,501
5UVU,8O4,A,501
5UWF,8Q7,D,801
5UWK,8OM,A,306
5UWK,8OM,B,306
5UWX,IMP,A,501
5UXF,2BA,A,401
5UY6,8R4,A,501
5UZ0,8US,B,601
5UZ0,8US,B,602
5UZ0,8US,D,601
5UZ0,8US,D,602
5UZC,IMP,A,501
5UZC,IMP,B,501
5UZC,IMP,C,500
5UZC,IMP,D,500
5V0W,KFK,A,502
5V0W,KFK,B,502
5V0W,KFK,C,502
5V13,JH3,A,301
5V13,JH3,B,301
5V13,JH3,C,301
5V2J,7WV,A,504
5V2J,7WV,B,504
5V2Y,AKG,A,403
5V2Z,OOG,A,402
5V37,8WD,A,505
5V82,96Y,A,401
5V86,8ZA,A,2001
5V8Q,97A,A,1004
5V96,ADN,A,502
5V96,ADN,B,502
5V96,ADN,C,502
5V96,ADN,D,502
5VBP,79C,A,204
5VBP,79C,B,204
5VCY,DB8,A,401
5VCZ,XZN,A,401
5VD1,P48,A,401
5VD3,H8H,A,401
5VGO,9B1,A,707
5VHB,9CY,A,401
5VII,5DY,B,301
5VKB,AKG,A,402
5VL0,NAI,A,403
5VL0,NAI,B,403
5VL0,NAI,C,403
5VL0,NAI,D,403
5VM0,9EG,A,202
5VM5,0JO,D,402
5VM5,PLS,A,401
5VM5,PLS,B,401
5VM5,PLS,C,401
5VMA,G2I,A,801
5VMA,G2I,A,802
5VN1,NAI,A,403
5VN1,NAI,B,403
5VN1,NAI,C,403
5VN1,NAI,D,403
5VN1,NMH,C,405
5VOJ,9H4,A,1201
5VPY,9GM,A,202
5VPY,9GM,B,202
5VPZ,GSP,A,202
5VPZ,GSP,B,202
5VR8,UDX,A,501
5VR8,UDX,A,502
5VR8,UDX,B,501
5VR8,UDX,B,502
5VR8,UDX,C,501
5VR8,UDX,D,501
5VR8,UDX,D,502
5VR8,UDX,E,501
5VR8,UDX,E,502
5VR8,UDX,F,501
5VUC,8GR,B,402
5VUP,H4B,A,802
5VUP,H4B,B,802
5VUR,H4B,A,802
5VUR,H4B,B,802
5VUT,H4B,A,802
5VUT,H4B,B,802
5VUZ,H4B,A,802
5VUZ,H4B,B,802
5VV0,H4B,A,802
5VV0,H4B,B,802
5VV1,H4B,A,802
5VV1,H4B,B,802
5VV6,H4B,A,502
5VV6,H4B,B,502
5VW9,NCA,A,403
5VWM,C90,A,401
5VYQ,0FX,A,302
5VYQ,TYD,B,301
5VYR,B62,A,301
5VYR,B62,B,301
5VYY,9QY,A,301
5W16,DGL,A,301
5W16,DGL,B,301
5W16,DGL,C,301
5W16,DGL,D,301
5W1Q,DGL,A,301
5W1Q,DGL,B,301
5W26,9WM,A,514
5W2P,6U5,A,501
5W2Q,6U5,A,501
5W2U,9S4,A,514
5W2W,9SD,A,516
5W3K,9TY,A,401
5W3K,9TY,B,401
5W4W,9WG,A,4001
5W4W,9WG,D,401
5W6E,0NY,A,1003
5W80,9XJ,A,601
5W8A,A1S,A,301
5W8C,IVC,A,301
5W8C,MTA,A,302
5W8D,MTA,A,301
5W8I,9YD,A,403
5W8I,9YD,C,402
5W8I,9YD,D,403
5W8K,NAI,A,502
5W8K,NAI,B,402
5W8K,NAI,C,502
5W8L,9YA,A,402
5W8L,9YA,B,402
5W8L,9YA,C,402
5W8L,9YA,D,402
5W8L,NAI,A,401
5W8L,NAI,B,401
5W8L,NAI,C,401
5W8L,NAI,D,401
5W8Q,BU4,A,400
5W8Q,BU4,B,400
5W9D,9XY,A,601
5W9D,9XY,B,601
5WA8,9ZA,A,201
5WA9,9ZD,A,201
5WBX,AJY,R,1003
5WC4,BU4,A,400
5WC4,BU4,B,400
5WCM,4NZ,A,307
5WCM,4NZ,B,306
5WDO,GNP,A,205
5WDP,GNP,A,202
5WDQ,GNP,A,201
5WEX,8JS,A,303
5WFO,GNP,Q,202
5WGX,MB5,A,718
5WHE,GNP,A,801
5WHE,GNP,D,801
5WHE,GNP,G,801
5WHE,GNP,J,801
5WLB,GNP,A,201
5WLB,GNP,D,201
5WLR,86B,A,302
5WLT,86B,A,302
5WM6,OOB,A,601
5WP1,B7S,A,401
5WP2,YTT,A,402
5WP4,PC,A,702
5WP4,PC,A,704
5WQJ,7N3,A,301
5WQJ,7N3,B,301
5WQK,7NC,A,301
5WQK,7NC,B,301
5WR5,NX6,A,401
5WRI,A3P,A,401
5WRI,A3P,B,401
5WSY,7UC,A,201
5WSY,7UC,B,201
5WXI,TRH,A,401
5WXI,TRH,B,401
5X16,AR6,A,401
5X1J,VNL,A,501
5X1J,VNL,B,501
5X1J,VNL,C,501
5X30,4LM,B,401
5X3D,7XL,A,201
5X40,ACP,A,302
5X40,ACP,B,302
5X5D,UMP,A,401
5X5D,UMP,B,401
5X5D,UMP,C,401
5X5D,UMP,D,401
5X5D,UMP,E,401
5X5D,UMP,F,401
5X5O,7Z0,A,401
5X66,UMP,A,401
5X66,UMP,B,401
5X66,UMP,C,401
5X66,UMP,D,401
5X66,UMP,E,401
5X66,UMP,F,401
5X72,P59,A,201
5X8I,SQZ,A,501
5X8I,SQZ,B,501
5XDV,ZI6,A,403
5XK7,DMA,B,303
5XK7,DMA,C,303
5XK7,DMA,D,303
5XKR,BZE,A,201
5XKR,BZE,B,201
5XKR,BZE,C,202
5XKR,BZE,D,202
5XQD,8CF,A,301
5XRD,9ZC,A,301
5XTK,5GP,A,302
5XVR,TRH,A,401
5XVR,TRH,B,401
5XVX,AKG,A,502
5XW0,8G0,A,502
5XZH,8J3,A,501
5Y0F,8JO,A,200
5Y0G,8JL,A,200
5Y0T,TAT,A,1001
5Y0T,TAT,B,1001
5Y0T,TAT,C,1001
5Y0T,TAT,D,1001
5Y12,8JX,A,201
5Y1J,D5H,A,501
5Y2P,AZA,A,401
5Y2P,AZA,B,401
5Y52,AZA,A,401
5Y52,AZA,B,401
5Y52,AZA,C,401
5Y52,AZA,D,402
5Y5Q,DUT,A,501
5Y5Q,DUT,B,202
5Y5Q,DUT,C,202
5Y72,DST,A,401
5Y72,DST,B,401
5Y86,HRM,A,601
5Y9X,AKG,A,402
5YCP,BRL,A,501
5YE8,8U3,A,501
5YE8,8U3,B,501
5YEE,LAB,B,401
5YIC,8VO,A,401
5YJ2,AZA,A,401
5YJ2,AZA,B,401
5YJ2,AZA,C,402
5YJ2,AZA,D,401
5YJA,AZA,A,401
5YJA,AZA,B,401
5YJA,AZA,C,401
5YJA,AZA,D,401
5YJM,8W3,A,304
5YJP,8W6,A,304
5YKT,PMP,A,501
5YKT,PMP,B,501
5YNF,GTA,A,401
5YNO,GTA,A,402
5YNT,DMA,A,401
5YNT,DMA,B,401
5YNU,DMA,B,401
5YNV,DST,A,401
5YNV,DST,B,401
5YNW,DST,A,401
5YNW,DST,B,402
5YOJ,8Z0,A,301
5YOK,8Z0,A,101
5YQ1,0A1,A,902
5YQA,8ZU,A,502
5YQM,A2X,A,402
5YSP,MDN,A,302
5YSY,90L,A,501
5YT2,90O,A,501
5YVZ,AKG,A,402
5Z1A,SJ5,A,701
5Z1C,ZXI,U,301
5Z27,AZA,A,401
5Z27,AZA,B,402
5Z2B,AZA,A,401
5Z2B,AZA,B,402
5Z4H,A8K,A,303
5Z4H,A8K,B,303
5Z4H,AX7,A,304
5Z66,VDM,A,609
5Z9E,AX7,B,303
5Z9F,AX7,A,304
5Z9L,AX7,B,304
5Z9Q,AX7,A,305
5Z9Y,DXP,A,301
5ZB0,TYD,A,201
5ZC7,ADE,A,201
5ZC7,ADE,B,201
5ZDB,AR6,A,301
5ZDB,AR6,B,301
5ZEQ,9B3,A,406
5ZF4,9BL,A,412
5ZF8,9BO,A,410
5ZF9,9BR,A,409
5ZFA,9BU,A,409
5ZFK,HBI,A,402
5ZFK,HBI,B,600
5ZG1,9C0,A,902
5ZG2,ZK1,A,901
5ZG2,ZK1,B,901
5ZIO,X8Z,A,303
5ZJ1,YT4,A,303
5ZJ2,MCO,A,303
5ZJ8,9DC,A,303
5ZJC,9EX,A,305
5ZM4,AKG,A,302
5ZM4,AKG,B,302
5ZM4,AKG,C,302
5ZM4,AKG,D,302
5ZNJ,HFG,A,602
5ZOC,ADE,A,201
5ZQP,9H3,A,1202
5ZQY,AR6,A,403
5ZUN,9JX,A,401
5ZYI,9ML,A,600
5ZYJ,9ML,A,600
5ZYK,9MC,A,600
5ZYL,9MC,A,600
5ZZT,9NL,A,402
6A04,C2E,B,402
6A06,1SY,B,403
6A16,UCZ,A,602
6A1C,9NX,A,401
6A1F,9OF,A,807
6A1H,9O9,A,401
6A1L,9O9,A,401
6A1M,9O9,A,401
6A1P,9O9,A,401
6A1R,9OC,A,401
6A1W,9P3,A,402
6A21,9OR,A,401
6A23,9OU,A,401
6A36,9P9,A,401
6A36,9PF,A,402
6A3G,NAI,A,401
6A3G,NAI,B,401
6A3G,NAI,C,401
6A3G,NAI,D,401
6ABU,URC,A,1402
6ABU,URC,B,3004
6AC1,URC,A,1501
6AC1,URC,B,3003
6AH9,TCL,A,302
6AIK,PMT,A,401
6AIK,PMT,B,401
6AIX,A3P,A,501
6AIY,A3P,A,501
6AJU,URC,A,3003
6AJU,URC,F,3003
6ALN,AKG,A,401
6ALW,BMJ,A,302
6ALW,BMJ,B,302
6ALW,BNV,A,301
6ALW,BNV,B,301
6AM8,PLT,B,402
6AM8,PLT,C,401
6AMH,PLS,A,401
6AMH,PLS,B,401
6AMH,PLS,C,401
6AMH,PLS,D,401
6ANL,T75,A,401
6AP6,TLF,A,300
6AP6,TLF,B,300
6AP7,BNY,A,300
6AP7,BNY,B,301
6AP8,BNY,A,401
6AP8,BNY,B,401
6AP9,GDS,A,302
6AP9,GDS,B,302
6APS,SV2,A,301
6APS,SV2,B,301
6APT,45T,A,301
6APT,45T,B,301
6APV,3L4,A,301
6APV,3L4,B,301
6APV,3L4,C,301
6APV,3L4,D,301
6AQJ,40E,A,403
6AQJ,40E,B,401
6AQJ,HIO,A,408
6AQJ,HIO,B,402
6ARJ,BW4,A,502
6ARJ,BW4,B,502
6ARJ,BW4,C,502
6ARJ,BW4,D,502
6AS6,BSV,A,802
6ASI,03S,A,604
6ASN,03S,A,604
6AUR,H4B,A,802
6AUR,H4B,B,802
6AUY,H4B,A,802
6AUY,H4B,B,802
6AUZ,H4B,A,802
6AUZ,H4B,B,802
6AV0,BYV,A,804
6AV0,BYV,B,801
6AV0,H4B,A,802
6AV0,H4B,B,803
6AV4,H4B,A,802
6AV4,H4B,B,802
6AV5,H4B,A,802
6AV5,H4B,B,803
6AWH,N7G,B,302
6AWH,N7G,B,303
6AWH,N7G,D,302
6AWH,N7G,D,303
6AXB,C0V,A,802
6AYO,C1Y,A,301
6AYO,C1Y,B,301
6AYQ,TDI,A,301
6AYQ,TDI,B,301
6B04,C6J,A,401
6B04,C6J,B,401
6B04,C6J,C,401
6B07,C6M,A,401
6B07,C6M,B,401
6B07,C6M,C,401
6B4Q,CQG,A,307
6B4T,CQJ,A,308
6B52,A3P,A,301
6B53,A3P,A,301
6B53,A3P,B,301
6B54,A3P,A,301
6B59,CQS,A,302
6B8Y,D0A,A,601
6B9I,D0G,A,301
6B9I,D0G,B,301
6BB7,D4V,A,305
6BBV,D7D,A,1201
6BFE,DJV,A,401
6BFE,DJV,B,401
6BFY,2PG,A,501
6BFY,2PG,B,501
6BFY,2PG,C,501
6BFY,2PG,D,802
6BFY,2PG,E,502
6BFY,2PG,F,501
6BGY,DLJ,A,601
6BH1,DQG,A,601
6BIF,DSJ,A,309
6BIK,DTJ,A,703
6BJB,1VU,A,401
6BJB,1VU,B,401
6BKE,DVJ,A,704
6BKH,DVD,A,705
6BKW,DXM,A,704
6BLN,DY4,A,704
6BND,OPE,A,602
6BND,OPE,B,602
6BNI,ADN,A,602
6BNI,ADN,B,602
6BOJ,E31,A,703
6BOJ,E31,B,703
6BOJ,E31,C,703
6BOJ,E31,D,703
6BQ4,ADN,A,401
6BQ4,ADN,B,401
6BT6,3GK,A,301
6BT6,3GK,B,301
6BU1,E9S,A,805
6BUQ,BR8,B,401
6BUQ,BR8,C,401
6BUQ,BR8,D,401
6BVE,PGA,A,302
6BVE,PGA,B,302
6BVI,GNP,A,201
6BVJ,GNP,A,201
6BVK,GNP,A,201
6BVL,GNP,A,201
6BVM,GNP,A,201
6BXY,EEV,A,601
6BY8,FNV,A,601
6BZ2,7OA,B,201
6C2D,EH1,A,503
6C2I,EJ7,A,407
6C2T,EGJ,A,401
6C2Z,P1T,A,501
6C3C,EJ1,A,406
6C3C,EJ1,B,409
6C3D,EMS,A,407
6C3D,EMS,B,408
6C3U,NY2,A,203
6C3U,NY2,D,202
6C3U,NY2,D,203
6C5N,81B,A,405
6C5N,81B,B,402
6C5N,EN4,A,404
6C5N,EN4,B,401
6C73,F9F,A,310
6C7E,EOG,A,1001
6C7E,EOG,B,1001
6C7E,EOG,C,1001
6C7I,EP7,B,1001
6C7I,EP7,C,1001
6C7J,EPV,B,1001
6C7J,EPV,C,1001
6C7W,LMS,A,302
6C7X,EO7,A,302
6C8C,EQ7,B,201
6C92,EQJ,A,401
6C98,ER7,B,101
6C98,ER7,D,101
6C99,EQY,A,301
6C99,EQY,C,301
6C9V,ERS,A,401
6C9V,ERS,B,401
6C9X,VOG,A,701
6C9X,VOG,B,701
6CA1,MIG,A,701
6CA1,MIG,B,701
6CA3,MIG,A,701
6CA3,MIG,B,701
6CAX,EUY,A,401
6CBA,AKG,A,402
6CBK,PMP,A,501
6CBK,PMP,B,501
6CBK,PMP,C,501
6CBK,PMP,D,501
6CBL,DOW,A,501
6CBL,DOW,B,501
6CBL,DOW,C,501
6CBL,DOW,D,501
6CBL,DOW,E,501
6CBL,DOW,F,501
6CBL,DOW,G,501
6CBL,DOW,H,501
6CBZ,EST,A,601
6CBZ,EST,B,602
6CDJ,GR8,A,201
6CDL,GR5,B,201
6CEH,EZ1,A,302
6CF3,AKG,A,402
6CI4,F5P,A,301
6CIC,H4B,A,802
6CIC,H4B,B,802
6CID,F2J,A,803
6CID,F2J,B,804
6CID,H4B,A,802
6CID,H4B,B,803
6CJA,F0G,A,401
6CJA,F0G,B,401
6CJA,F0G,C,400
6CJA,F0G,D,400
6CJR,E0G,A,301
6CKE,3Z7,A,202
6CKR,F5V,B,201
6CNG,EIC,A,301
6CNG,EIC,D,301
6CRE,F9G,A,203
6CSP,FBM,B,805
6CU6,GNP,A,402
6CU6,GNP,B,403
6CU6,GNP,C,402
6CUO,GNP,A,201
6CUP,GNP,A,201
6CUR,FFY,B,2001
6CUR,GNP,A,201
6CUT,FEJ,A,401
6CUT,FEJ,B,401
6CUT,FEJ,C,401
6CUT,FEJ,D,401
6CWA,NAI,A,1002
6CWA,NAI,B,1002
6CXX,COD,A,403
6CXX,COD,B,404
6CYB,FKV,A,1008
6CYB,FKV,B,1006
6CYC,FKJ,A,1003
6CYC,FKJ,B,1003
6CZ7,MGD,A,902
6CZ7,MGD,A,903
6CZ7,MGD,C,902
6CZ7,MGD,C,903
6CZ8,MGD,A,902
6CZ8,MGD,A,903
6CZ8,MGD,C,902
6CZ8,MGD,C,903
6CZ9,MGD,A,902
6CZ9,MGD,A,903
6CZ9,MGD,C,902
6CZ9,MGD,C,903
6CZA,MGD,A,902
6CZA,MGD,A,903
6CZA,MGD,C,902
6CZA,MGD,C,903
6CZH,38E,A,201
6CZH,38E,B,201
6CZY,PMP,A,501
6CZY,PMP,B,501
6CZY,PMP,C,501
6CZY,PMP,D,501
6D0D,FQ4,B,400
6D0V,0JO,B,401
6D0V,F9F,A,308
6D15,TWB,A,301
6D16,FUJ,A,301
6D17,VKE,A,301
6D1L,FQV,A,303
6D1M,FQY,A,302
6D1Y,FQJ,A,801
6D1Z,FQM,A,803
6D20,FQG,A,802
6D28,NEC,A,401
6D36,AR6,B,401
6D36,AR6,D,401
6D3A,AR6,B,401
6D3A,AR6,C,401
6D3A,AR6,D,401
6D4Q,IMP,A,401
6D4R,IMP,A,401
6D4S,IMP,A,401
6D4T,IMP,A,401
6D4U,IMP,A,401
6D4W,IMP,A,401
6D55,FWA,B,2001
6D55,GNP,A,201
6D56,GNP,A,201
6D59,GNP,A,201
6D5E,FVG,B,2001
6D5E,GNP,A,201
6D5G,FVD,B,2001
6D5G,GNP,A,201
6D5H,FV7,B,2001
6D5H,GNP,A,201
6D5J,FV4,B,2001
6D5J,GNP,A,201
6D5L,GNP,A,201
6D6A,FXD,A,300
6D6A,FXD,B,300
6D6A,FXD,C,300
6D6A,FXD,D,300
6D6A,FXD,E,300
6D6A,FXD,F,300
6D6A,FXD,G,300
6D6A,FXD,H,300
6D6B,FXS,A,300
6D6B,FXS,B,300
6D6B,FXS,C,300
6D6B,FXS,D,300
6D6B,FXS,E,300
6D6B,FXS,F,300
6D6B,FXS,G,300
6D6B,FXS,H,300
6D6D,FY7,A,300
6D6D,FY7,B,300
6D6L,FY4,A,300
6D6L,FY4,B,300
6D6L,FY4,C,300
6D6L,FY4,D,300
6D6M,TX7,A,300
6D6M,TX7,B,300
6D6M,TX7,C,300
6D6M,TX7,D,300
6D6N,FXJ,A,201
6D6N,FXJ,B,201
6D6N,FXJ,C,202
6D6N,FXJ,D,201
6D6O,FX7,A,300
6D6O,FX7,B,300
6D6O,FX7,C,300
6D6O,FX7,D,300
6D6P,FY1,A,300
6D6P,FY1,B,300
6D6P,FY1,C,300
6D6P,FY1,D,300
6D8X,EDK,A,501
6DB3,G54,A,4000
6DBC,G3J,A,508
6DD1,M3Q,A,403
6DD1,M3Q,A,404
6DD1,M3Q,B,403
6DD1,M3Q,B,404
6DGZ,A60,A,102
6DH0,017,A,101
6DH1,K13,A,102
6DH2,A60,A,102
6DH3,017,A,101
6DH6,017,A,104
6DH7,K13,A,103
6DIF,TPV,B,201
6DJ1,AB1,B,201
6DJ7,G10,B,201
6DJI,GOG,A,701
6DJI,GOG,B,701
6DKO,GXG,A,804
6DMH,MER,A,305
6DNP,GZV,A,803
6DNT,EPZ,A,402
6DQ8,H6S,A,601
6DQ8,H6T,A,602
6DQA,H6V,A,601
6DR8,1KA,A,407
6DRS,H8A,A,306
6DUC,1D0,B,401
6DUI,HAY,A,401
6DUI,J1M,A,402
6DV0,GA8,B,201
6DWD,HDV,A,702
6DWD,HDV,A,704
6DWD,HDV,B,701
6DWD,HDV,B,702
6DWD,HDV,C,701
6DWD,HDV,C,704
6DWD,HDV,D,701
6DWD,HDV,D,703
6DZO,KOU,B,408
6E04,XEM,A,202
6E22,HLS,A,401
6E22,HLS,B,401
6E2T,DP6,A,401
6E2W,DP6,A,403
6E4F,HRA,A,701
6E68,HVM,A,502
6E68,HVM,B,502
6E6K,HVD,A,201
6E6P,GNP,A,201
6E6P,GNP,B,201
6E8I,PTR,A,201
6E9A,J0S,B,201
6EA1,J0Y,A,1102
6EA2,J1G,A,1102
6EA3,SRP,B,2001
6EAA,J1V,A,1102
6EAB,J2D,A,1102
6EE6,J4P,A,1102
6EED,J6A,A,1102
6EGE,DL1,D,501
6EGW,9LQ,A,401
6EIM,B6E,A,405
6EIM,B6E,B,402
6EKP,IAC,A,201
6EKP,IAC,B,201
6EL5,PU1,A,301
6ELA,B9Z,A,306
6ELA,B9Z,B,306
6ELA,B9Z,C,307
6ELA,B9Z,D,306
6ELB,IAC,A,201
6ELB,IAC,B,201
6ELF,IAC,A,201
6ELF,IAC,B,201
6ELG,3BO,A,201
6ELG,3BO,B,201
6ELN,P4A,A,301
6ELO,BAW,A,301
6ELP,BA8,A,301
6ELR,BFK,B,1201
6EM2,M77,A,401
6EN5,BJ2,A,702
6EN5,BJ2,B,702
6EN5,BJ2,C,702
6EN5,BJ2,D,702
6ENN,IAC,A,201
6ENN,IAC,B,201
6EOG,BKK,A,1001
6EOZ,AKG,A,402
6EPW,BQ8,A,1201
6EQ4,BSW,A,201
6ERW,M77,A,401
6ESN,BWE,A,601
6ET4,DOR,A,502
6ET4,SDV,A,503
6ETS,I1L,A,416
6ETT,BXH,A,418
6ETV,BXE,A,413
6ETY,BXK,A,820
6EUM,BY5,A,304
6EV3,4LU,A,601
6EV3,FZZ,A,605
6EV4,4LU,A,601
6EV5,BYN,A,604
6EV6,BYN,A,605
6EV6,FZZ,A,604
6EV7,4LU,A,604
6EV8,BYN,A,604
6EVA,4MJ,A,604
6EVB,4LU,A,601
6EVC,4LU,A,601
6EVD,BYN,A,603
6EWE,C0W,A,304
6EYB,C3Z,A,301
6EYH,DQY,A,301
6EZF,C6Z,A,1003
6F1J,EDG,A,401
6F1J,EDG,B,401
6F3L,CJW,A,902
6F3O,ADE,A,505
6F3O,ADE,B,505
6F3O,ADE,C,505
6F3O,ADE,D,506
6F3Q,ADE,A,505
6F3Q,ADE,B,507
6F3Q,ADE,C,505
6F3Q,ADE,D,506
6F3R,CKZ,A,902
6F3S,CKW,A,902
6F48,YQA,A,305
6F4D,PGH,A,302
6F4F,GDN,A,301
6F4F,GDN,B,301
6F4S,AKG,A,502
6F5L,CQB,A,823
6F75,LU0,A,407
6F79,0X9,A,407
6F7B,CVQ,A,1101
6F9T,D0Z,A,712
6FA1,GNP,A,202
6FA1,GNP,B,202
6FA1,GNP,C,202
6FA1,GNP,D,201
6FA1,GNP,E,202
6FA1,GNP,F,202
6FA3,GNP,A,203
6FA3,GNP,B,202
6FA3,GNP,C,202
6FA3,GNP,D,201
6FA3,GNP,E,202
6FA3,GNP,F,203
6FAZ,D45,B,301
6FBP,PPK,B,401
6FC1,MGP,A,301
6FC1,MGP,C,301
6FE0,V90,A,302
6FE0,V90,B,302
6FE0,V90,C,302
6FE0,V90,D,302
6FE5,D6E,A,821
6FEX,D6Z,A,1001
6FFD,D7T,A,501
6FGY,D9W,A,501
6FI6,DF8,A,402
6FLE,DQ2,A,402
6FMD,DUH,A,401
6FNQ,AVJ,A,401
6FNQ,AVJ,B,401
6FNT,AVO,A,401
6FNT,AVO,B,401
6FOY,E0T,A,502
6FOY,E0T,B,502
6FP1,E0Q,A,504
6FP1,E0Q,B,507
6FQ7,E2K,A,403
6FQZ,6PG,A,501
6FQZ,6PG,B,501
6FSN,UPG,A,1503
6FT8,E6T,A,501
6FTF,7CI,B,604
6FTF,7CI,B,605
6FUK,8XQ,A,1502
6FUL,E7Z,A,1501
6FWH,5LD,A,203
6FWH,5LD,B,203
6FWH,5LD,B,204
6FWH,5LD,D,202
6FWH,5LD,E,202
6FWH,5LD,F,203
6FWH,5LD,I,202
6FWH,5LD,J,202
6FX0,E9T,A,501
6FX7,AR6,A,301
6FYL,3NG,A,501
6FZ4,EC8,A,307
6FZF,EDK,A,4000
6FZF,EDK,B,4000
6G01,EEW,A,503
6G01,EEW,B,503
6G05,EF5,A,601
6G05,EF5,B,601
6G07,EEZ,A,601
6G07,EEZ,B,601
6G07,EEZ,C,601
6G07,EEZ,D,601
6G22,2O2,A,305
6G28,AR6,A,401
6G2B,EH8,A,401
6G2C,EHT,A,401
6G2M,O84,A,305
6G2N,O84,A,302
6G2N,O84,B,302
6G34,5ID,A,401
6G36,EKH,A,401
6G37,FTU,A,801
6G38,TBN,A,800
6G5L,EM5,A,302
6G5L,EM5,B,302
6G5L,EM5,C,302
6G5L,EM5,D,302
6G5U,ENN,A,302
6G5U,ENN,B,302
6G6T,ENN,A,304
6G7A,EOQ,A,303
6G7A,EOQ,B,305
6G7A,EOQ,C,305
6G7A,EOQ,D,307
6G91,EQW,A,403
6G92,ERZ,A,404
6G93,EU2,A,406
6G97,EQZ,A,407
6G9H,ERW,A,405
6G9J,ERK,A,403
6G9K,ESK,A,404
6G9N,ESN,A,407
6G9U,ETK,A,302
6G9U,ETK,B,302
6G9U,ETK,C,302
6G9U,ETK,D,302
6GBX,S77,A,403
6GBX,S77,B,403
6GBX,S77,C,403
6GCQ,EUH,A,302
6GCQ,EUH,B,302
6GCQ,EUH,C,302
6GCQ,EUH,D,302
6GDC,FB2,A,305
6GE8,EWE,A,501
6GE8,EWE,B,501
6GEV,EWN,A,1104
6GG8,EY8,A,1102
6GGG,EYN,A,1102
6GH7,EYW,A,201
6GH7,EYW,B,201
6GH7,EYW,C,201
6GH7,EYW,D,201
6GIU,L69,A,304
6GIU,L69,B,305
6GK0,DOR,A,502
6GKO,UMP,A,501
6GKO,UMP,B,501
6GLP,BU8,A,201
6GLP,BU8,B,201
6GM9,4J8,A,305
6GO2,LU0,A,407
6GO4,DCT,A,603
6GOD,GNP,A,202
6GOE,GNP,A,201
6GOF,GNP,A,202
6GPJ,G4F,A,402
6GPJ,G4F,B,403
6GPJ,G4F,C,401
6GPJ,G4F,D,402
6GPK,GDD,A,415
6GPK,GDD,B,409
6GPK,GDD,C,408
6GPK,GDD,D,405
6GPL,F7E,B,402
6GPL,F7E,C,2001
6GPL,F7E,D,3001
6GPL,F7E,E,4001
6GPV,LUM,A,1004
6GQQ,F8B,A,1201
6GR8,F8Z,A,401
6GUC,SU9,A,301
6GUC,SU9,C,301
6GUE,FB8,A,301
6GUE,FB8,C,301
6GX0,GDU,A,402
6GX1,UD2,A,402
6GXG,FFN,A,201
6GXG,FFN,B,201
6H1H,FJE,A,302
6H1L,FJQ,A,501
6H1L,FJQ,B,501
6H5W,FT8,A,710
6H7Y,FVZ,A,833
6H7Z,FVW,A,832
6H9E,FWK,B,501
6H9E,FWK,D,501
6HAE,E4M,A,402
6HAE,E4M,K,402
6HAZ,FX5,A,1501
6HAZ,FX5,B,1501
6HB5,YSC,A,501
6HB5,YSC,B,501
6HB6,YSU,A,501
6HB6,YSU,B,501
6HB7,Y3U,A,501
6HB7,Y3U,B,501
6HBV,PMP,A,502
6HBV,PMP,B,502
6HBZ,C2E,A,401
6HBZ,C2E,A,402
6HCA,FXW,B,301
6HCB,D45,B,304
6HCC,FXW,A,301
6HCU,FYB,A,601
6HCU,FYB,B,601
6HDE,DUP,A,202
6HDE,DUP,B,201
6HEB,G39,A,522
6HEV,G0K,A,1000
6HFH,DOR,A,1908
6HFP,DOR,A,1905
6HFR,NCD,A,1904
6HFS,NCD,A,1905
6HFU,NCD,A,1904
6HG5,G39,A,511
6HG5,G39,B,510
6HG5,G39,C,510
6HG5,G39,D,510
6HGR,IMP,A,200
6HGR,IMP,B,200
6HGS,5GP,A,200
6HGS,5GP,B,200
6HGZ,AR6,A,403
6HGZ,AR6,B,403
6HH3,A1R,A,403
6HH3,A1R,B,403
6HH4,F2R,A,403
6HH4,F2R,B,403
6HH5,A3R,A,402
6HH5,A3R,B,402
6HH6,A3R,A,1001
6HHR,G5E,A,301
6HIA,G7N,A,1201
6HIC,G7H,A,1201
6HLX,G9Z,A,604
6HLY,G9Z,A,410
6HM7,GDH,A,701
6HMB,3NG,A,413
6HMC,FXB,A,409
6HMQ,4B0,A,415
6HNX,GFZ,A,301
6HO0,GFK,A,301
6HO1,GFW,A,302
6HO2,GHN,A,301
6HO4,GFQ,A,301
6HO6,GGK,A,301
6HO8,GG8,A,301
6HO9,GHB,A,301
6HOA,GGN,A,301
6HOB,GJ5,A,301
6HOD,GHK,A,301
6HOE,GH2,A,301
6HOF,GJ8,A,301
6HOQ,FER,A,404
6HOY,AR6,A,401
6HOY,AR6,B,702
6HOZ,R5I,A,403
6HOZ,R5I,B,403
6HOZ,R7I,A,404
6HOZ,R7I,B,404
6HP9,GKB,A,1001
6HPE,GVX,A,301
6HPE,GVX,B,302
6HQK,JZ3,A,502
6HQL,JZ3,A,502
6HQM,JZ3,A,502
6HQN,JZ3,A,502
6HQO,JZ3,A,502
6HQP,JZ3,A,502
6HQQ,3DM,A,502
6HQR,3DM,A,502
6HQT,3DM,A,502
6HQX,4JC,A,305
6HR3,4JE,A,305
6HRZ,GO2,A,301
6HRZ,GO2,A,302
6HTK,ICB,A,511
6HTK,ICB,B,505
6HWZ,GXE,A,302
6HWZ,GXE,B,302
6HX5,GXE,A,302
6HXD,6YP,A,305
6HY1,MTA,A,402
6HY1,MTA,B,402
6HY1,MTA,C,402
6I0P,QAS,A,302
6I0W,M4S,A,308
6I1S,E26,A,501
6I1U,3W8,A,307
6I24,9O9,A,419
6I25,9O9,A,404
6I2A,M77,A,401
6I2C,M77,A,401
6I2F,3W6,A,306
6I3C,DNC,A,303
6I3D,DNC,A,301
6I3D,DNC,B,301
6I3D,SFG,A,303
6I3D,SFG,B,303
6I3E,H1Z,A,309
6I46,H2N,AAA,302
6I5I,H3E,A,501
6I5Y,YSA,A,501
6I5Y,YSA,B,501
6I6F,H4E,A,302
6I6G,H4N,A,204
6I6G,H4N,B,202
6I6K,SLX,A,401
6I6K,SLX,B,401
6I6L,H68,A,401
6I6L,H68,B,401
6I6M,SLX,A,401
6I6M,SLX,B,401
6I6N,SLX,A,401
6I6N,SLX,B,401
6I6P,H4T,A,302
6I73,H6N,A,402
6I73,H6N,B,402
6I74,H5Z,A,901
6I83,H72,A,1101
6I9L,PD2,A,502
6I9M,2HG,A,502
6I9N,S2G,A,502
6IBK,YTW,A,525
6IBK,YTW,B,520
6IEZ,A50,A,600
6IF0,A59,A,600
6IG8,A7O,A,1004
6IJN,6MZ,A,401
6IJP,IMP,A,402
6IL0,K3U,A,201
6IM3,AZM,A,302
6IM3,AZM,B,302
6IM3,AZM,C,302
6IM3,AZM,D,302
6IM3,AZM,E,302
6IM3,AZM,F,302
6IME,GST,B,306
6IME,ISY,B,307
6INL,AJR,A,900
6IOC,URA,A,302
6IPI,DCP,A,503
6ITJ,AXU,A,801
6ITJ,AXU,B,801
6ITP,HCY,A,201
6IUP,AX0,A,801
6IX5,B0L,A,402
6IX5,B0L,B,402
6IYF,2BA,B,401
6J03,0HZ,A,301
6J0K,H6P,A,501
6J0K,H6P,B,501
6J23,5GP,A,401
6J26,MTA,A,401
6J26,MTA,B,401
6J27,MTA,A,402
6J27,MTA,B,401
6J27,MTA,C,402
6J27,MTA,D,401
6J28,MTA,A,402
6J28,MTA,B,402
6J28,MTA,C,402
6J28,MTA,D,402
6J2V,PLZ,A,501
6J2V,PLZ,B,502
6J2V,PLZ,C,501
6J2V,PLZ,D,502
6J4T,IMP,A,401
6J65,B4P,B,201
6J8R,BHU,A,303
6JKR,CP,A,401
6JKR,CP,B,401
6JKR,CP,C,401
6JKR,CP,D,401
6JKR,CP,E,401
6JKR,CP,F,401
6JMV,SYM,A,301
6JMV,SYM,B,302
6JSE,C6R,A,508
6JV0,ORN,A,301
6JWA,5ID,A,401
6JZ2,SJ5,A,701
6JZ2,SJ5,B,701
6JZ3,CN0,A,701
6JZ3,CN0,B,701
6JZ4,EVA,A,701
6JZ4,EVA,B,701
6JZ6,CKX,A,701
6JZ6,CKX,B,701
6JZ7,CKU,A,701
6JZ7,CKU,B,701
6JZS,MNH,A,503
6JZS,MNH,C,504
6K0H,UD1,A,404
6K0I,UPG,A,402
6K3N,CW6,A,501
6K4D,D4F,A,601
6K4D,ESJ,A,602
6K4T,JKE,A,303
6K4X,D0U,A,304
6K5O,D0O,A,501
6K7R,UMP,A,301
6K7R,UMP,B,301
6K7S,UMP,A,301
6K7S,UMP,B,301
6K8H,PLR,A,501
6K8H,PLR,B,501
6KKB,8HO,X,501
6KP7,UMP,A,702
6KP7,UMP,B,702
6KTW,AVJ,A,503
6KTZ,AVJ,A,504
6KV9,UGA,A,402
6KVC,UPG,A,402
6KVP,ZI1,A,403
6KVY,AVJ,A,501
6KX5,DYR,A,501
6KXI,NO9,B,305
6KXX,T02,A,501
6KZN,E1C,A,306
6KZN,E1C,B,306
6L17,E2X,A,401
6L1O,PMP,B,402
6L6E,E6L,A,901
6L6K,9HF,A,501
6LB4,E8L,A,501
6LEH,EAR,A,935
6LFR,APR,A,201
6LFS,APR,A,201
6LFT,APR,A,202
6LGD,1AB,A,705
6LGD,1AB,B,703
6LIP,EEL,A,303
6LIT,2OH,A,501
6LIT,2OH,B,501
6LIZ,EEO,A,303
6LJ3,DUP,A,201
6LJ4,EF9,A,303
6LJ5,EF0,A,402
6LJ6,EFF,A,301
6LJ7,EFR,A,301
6LJ8,EG0,A,301
6LJT,EH6,A,201
6LL8,2PN,A,407
6LL8,2PN,B,406
6LOZ,ADE,A,301
6LP6,B6U,A,409
6LP8,B6O,A,409
6LPJ,ZMA,A,2401
6LPK,ZMA,A,2401
6LSZ,TUH,A,301
6LTV,3PO,A,501
6LTV,3PO,B,501
6M2B,EZO,A,403
6M73,FNR,A,401
6M74,FNR,A,401
6M88,MYC,A,501
6M8D,J8D,A,501
6M95,J8S,A,501
6MA3,JAJ,A,1101
6MA5,J9V,A,1101
6MA8,PMF,A,604
6MAE,JBA,A,301
6MAW,JC7,A,201
6MB0,JCY,A,502
6MB0,JCY,B,503
6MB0,JCY,C,502
6MBV,NIO,A,302
6MC0,5RP,B,301
6MFU,5GP,A,300
6MFU,5GP,B,300
6MFU,5GP,C,300
6MFU,5GP,D,300
6MG5,6ZW,B,302
6MO4,JWM,A,302
6MO7,JWA,C,201
6MO9,JVY,A,201
6MOD,JWV,A,302
6MV8,NAI,A,801
6MV8,NAI,B,801
6MV8,NAI,C,801
6MV8,NAI,D,801
6MWL,K5G,A,301
6MWL,K5G,B,301
6MX3,K5P,A,401
6MX3,K5P,B,401
6MYQ,Y3P,A,1002
6N78,KEP,A,1201
6N7A,KEV,A,1203
6N7A,KEV,B,1202
6N7B,KEY,A,1201
6N7D,KF4,A,1201
6N8X,KFY,A,301
6N9M,DCF,A,401
6NEH,SLX,A,402
6NEH,SLX,B,402
6NEJ,SLX,A,401
6NEJ,SLX,B,401
6NKB,YYY,A,301
6NKB,YYY,B,301
6NKB,YYY,C,301
6NKB,YYY,D,301
6NNI,CP6,A,203
6NNI,CP6,B,203
6NPV,KWP,A,603
6NPV,KWP,B,607
6NPV,STI,A,602
6NPV,STI,B,603
6NSS,L0M,A,801
6NWL,HCY,A,301
6O1H,1D0,B,405
6O1H,F9F,A,403
6O46,GNP,B,201
6O46,GNP,C,201
6O5I,LMY,A,601
6O5J,LM7,A,301
6O5J,LM7,B,301
6O5U,KAN,A,301
6O91,NAJ,A,403
6O91,NAJ,B,403
6O91,PFB,A,404
6O91,PFB,B,404
6O94,LRS,A,502
6O94,LRS,B,502
6O94,LRS,C,501
6O94,LRS,D,501
6O95,LSV,A,502
6O95,LSV,B,501
6O95,LSV,C,501
6O95,LSV,D,503
6OA1,M0P,A,1001
6OA7,NAJ,A,403
6OA7,NAJ,B,403
6OAL,M0P,A,1001
6OBB,M3Y,A,901
6OBF,M4G,A,902
6OIO,ML7,A,801
6OIP,MLS,A,504
6OIQ,MLV,A,802
6OLX,KFY,A,301
6ONX,MWJ,A,202
6ONX,MWJ,B,703
6OOF,R6Z,A,302
6OOH,J1X,A,301
6OOJ,J1X,A,302
6OOK,MZV,A,302
6OOT,017,B,101
6OPT,017,A,101
6OPV,017,B,101
6OQC,N0S,A,501
6OQC,N0S,B,501
6OS6,DST,A,401
6OTK,N7S,A,302
6OTO,N84,A,302
6OUB,N7M,A,302
6OUD,N7M,A,302
6OUE,N7A,A,302
6OUF,N7A,A,302
6OUK,N7J,A,302
6OUV,TDK,A,701
6OUV,TDK,B,701
6OVE,N9D,B,301
6OWM,NAJ,A,403
6OWM,NAJ,B,403
6OWM,PFB,A,404
6OWM,PFB,B,404
6OWP,NAJ,A,403
6OWP,NAJ,B,403
6OXS,NJ4,A,101
6OXV,NF4,A,101
6OXY,NG4,A,103
6OY1,NJ1,A,103
6P14,NKY,A,804
6P4V,GC7,A,502
6P4V,GC7,B,502
6P5O,O2Y,A,703
6P9D,FDA,A,1405
6P9K,O6G,A,508
6PAF,O6A,A,509
6PDC,O9P,A,806
6PDJ,ODJ,A,601
6PG5,OHV,A,401
6PGD,OK4,A,401
6PGF,OJP,A,401
6PGL,U5P,A,302
6PGL,U5P,B,301
6PGL,U5P,C,302
6PGN,GPP,A,402
6PGU,OK7,A,1702
6PGU,OK7,B,1702
6PI6,OKM,A,401
6PI6,OKM,B,400
6PI6,OKM,C,400
6PI6,OKM,D,400
6PJX,SGV,A,601
6PLD,6FA,A,1401
6PMY,H4B,A,802
6PMY,H4B,B,802
6PO8,H4B,A,802
6PO8,H4B,B,803
6PQ1,45D,A,501
6PRF,7OA,B,101
6PRR,OW4,A,501
6PVC,P1J,A,402
6PVC,P1J,C,301
6PVJ,OZA,A,502
6PYA,P57,A,301
6PYF,EST,A,302
6PZ2,PT1,A,310
6Q03,EPZ,A,501
6Q0A,EPZ,A,502
6Q0Y,UD1,A,502
6Q11,EPU,A,501
6Q1L,IYR,A,302
6Q1L,IYR,B,302
6Q3B,PYZ,A,301
6Q3B,PYZ,A,302
6Q3Z,HG8,B,201
6Q48,HHQ,A,302
6Q4A,HGW,A,301
6Q4B,HHN,A,301
6Q4E,HH5,A,303
6Q4G,HJK,A,301
6Q4H,HGH,A,301
6Q4I,HGK,A,302
6Q60,HJH,A,301
6Q60,HJH,B,301
6Q8E,PMP,A,401
6Q9C,NAI,D,503
6Q9J,NAI,D,503
6Q9K,NAI,D,503
6Q9O,HU8,A,201
6Q9O,HU8,B,201
6Q9Y,HRQ,A,201
6Q9Y,HRQ,B,201
6QBG,HVT,A,103
6QBH,S43,A,103
6QCB,HWE,A,102
6QCD,AR6,A,401
6QCD,AR6,B,401
6QCE,AR6,A,401
6QCE,AR6,B,401
6QCL,ACO,G,1001
6QCL,ACO,H,1001
6QDD,HXW,A,1004
6QE1,HYW,A,402
6QHQ,FAH,A,401
6QHU,FAH,A,401
6QHV,FAH,A,401
6QHZ,FAH,A,401
6QKU,R3W,A,401
6QKU,R3W,A,402
6QL2,EZL,A,306
6QL3,V14,A,302
6QLN,J5Q,A,301
6QLO,J5E,A,301
6QLQ,J4E,B,302
6QLT,J5W,A,302
6QLU,J62,A,301
6QMC,J6H,A,701
6QMJ,J6K,A,703
6QMK,J8H,A,702
6QN0,J8Q,A,302
6QN0,J8Q,B,302
6QN0,J8Q,C,302
6QN0,J8Q,D,302
6QNG,J95,A,302
6QNG,J95,B,302
6QNG,J95,C,302
6QNG,J95,D,302
6QO4,97T,A,301
6QO4,97T,B,301
6QOF,ADE,A,301
6QOF,ADE,B,301
6QOK,J9T,A,301
6QOK,J9T,B,301
6QOO,JAB,A,301
6QOO,JAB,B,301
6QQT,JCH,A,301
6QQT,JCH,B,301
6QQW,JDQ,A,301
6QQW,JDQ,B,301
6QQZ,JEB,A,301
6QQZ,JEB,B,301
6QR2,JQB,A,301
6QR2,JQB,B,301
6QRC,JFE,A,301
6QRC,JFE,B,302
6QS5,JGB,A,401
6QTY,V25,A,501
6QU7,JJE,A,403
6QXU,JKN,A,1402
6QY9,JL2,A,401
6R0P,JNT,A,201
6R0P,JNT,B,201
6R12,JOT,B,202
6R13,JOK,B,202
6R1M,SSA,A,501
6R1M,SSA,B,501
6R1W,JPW,B,204
6R1X,JPQ,A,202
6R1X,JPQ,B,202
6R29,QSP,A,2001
6R29,QSP,B,2001
6R2A,ZP1,A,2001
6R2A,ZP1,B,2001
6R2B,QSP,A,2001
6R2B,QSP,B,2001
6R2B,QSP,C,2001
6R2B,QSP,D,2001
6R2R,BYN,A,604
6R2T,4LU,A,601
6R2T,JQ8,A,605
6R33,JQH,A,604
6R34,JQH,A,604
6R3F,JQK,A,604
6R3G,JQQ,A,604
6R3I,JRN,A,604
6R3J,JRH,A,1101
6R3L,BYN,A,605
6R3L,JSH,A,604
6R3L,SYN,A,606
6R3N,BYN,A,602
6R3N,JRK,A,601
6R3O,4LU,A,601
6R4Q,6RP,B,602
6R5E,JSQ,A,504
6R5N,NOJ,A,802
6R5N,NOJ,B,802
6R61,JT8,A,413
6R7J,JUN,A,601
6RBC,JX5,A,817
6RFH,4SO,A,305
6RG3,K1W,A,303
6RG4,K45,A,304
6RG5,S2O,A,304
6RH4,4NZ,A,308
6RHJ,K4H,A,303
6RHK,K4B,A,302
6RIG,K4N,A,308
6RJJ,K5W,A,305
6RKN,FBS,A,304
6RL9,SAN,A,304
6RLT,FZK,A,507
6RLT,FZK,B,510
6RLU,FZQ,A,507
6RLU,FZQ,B,510
6RLV,FZT,A,507
6RLV,FZT,B,510
6RM1,45L,A,304
6RMY,V14,A,302
6RNK,KAZ,A,401
6RNP,KBB,A,303
6ROF,V90,A,304
6RQ8,KEH,A,403
6RQ9,KEQ,A,403
6RQI,FBW,A,307
6RRG,FBU,A,307
6RRI,KFH,A,304
6RRJ,KFE,A,1101
6RRX,KFW,A,1103
6RS5,KGK,A,306
6RSD,KH8,A,1201
6RSD,KH8,B,1201
6RSZ,KJ5,A,305
6RTE,BU3,A,502
6RZ2,5CD,B,301
6RZ2,5CD,B,302
6RZ2,5CD,C,301
6RZI,KP8,A,301
6RZJ,KPB,A,301
6RZK,KOZ,A,301
6RZL,KOE,A,301
6RZM,KON,A,301
6RZX,KPQ,A,302
6S14,KQW,A,507
6S17,KQK,A,511
6S1B,KRQ,A,507
6S1H,KQZ,A,504
6S1X,KRZ,A,820
6S2S,VCA,A,204
6S43,KUE,A,501
6S43,KUE,C,501
6S49,AG2,A,501
6S4G,PMP,A,501
6S4G,PMP,B,501
6S4G,PMP,C,501
6S4G,PMP,D,501
6S4N,KUW,A,501
6S4N,KUW,B,501
6S4N,KUW,C,501
6S4N,KUW,D,501
6S4T,KVB,A,501
6S5K,KWE,A,501
6S5V,KWN,AAAA,601
6S5V,KWN,ABAA,601
6S7H,KYW,A,604
6S7K,KYZ,A,501
6S7K,KYZ,C,501
6S7S,KZ8,A,501
6S7S,KZ8,C,501
6S7U,KZK,A,501
6S7U,KZK,C,501
6S7W,KZT,A,501
6S7W,KZT,A,502
6S7Z,KZN,A,501
6S7Z,KZN,C,501
6S88,L0K,A,501
6S88,L0K,C,501
6S9G,L1Q,A,305
6SAL,L3E,A,601
6SBC,L4H,A,901
6SBO,L5B,A,4000
6SBO,L5B,B,4000
6SCU,88B,E,407
6SCZ,L7N,A,425
6SCZ,OJQ,A,426
6SCZ,OJQ,B,422
6SD7,L7T,A,304
6SDH,0VV,A,305
6SDS,L8N,A,302
6SDT,L8N,A,302
6SDV,MGD,A,1101
6SDV,MGD,A,1102
6SEY,L9B,A,307
6SFI,LB5,A,401
6SFJ,LBB,A,401
6SFK,LB8,A,405
6SFQ,7Q1,A,304
6SFU,LBQ,A,308
6SG6,LC8,A,304
6SGK,LCQ,A,301
6SHU,ADN,A,401
6SJ2,3HA,A,501
6SJ2,3HA,B,501
6SJ3,3HB,A,501
6SJ3,3HB,B,501
6SJN,THH,A,401
6SKH,LHK,A,829
6SLL,DAB,A,202
6SLL,DAB,B,202
6SMN,PLS,A,601
6SMN,PLS,B,2402
6SMN,PLS,C,601
6SMW,PLS,A,701
6SMW,PLS,B,601
6SMW,PLS,C,601
6SN6,3K0,A,402
6SPM,3AE,A,401
6SPS,LR5,A,403
6SPU,GAB,A,405
6SQ1,LRT,A,403
6SRH,LU8,A,501
6SRN,LUB,A,301
6SSE,PMP,A,501
6SSE,PMP,B,501
6SSF,LUH,A,502
6SSF,LUH,B,502
6SSG,LUK,A,501
6SSG,LUK,B,501
6SSY,P7I,A,401
6SSY,P7I,B,401
6ST0,LUQ,A,405
6ST0,LUQ,B,407
6STI,754,A,501
6SUL,UAM,A,406
6SUL,UAM,B,405
6SUL,UAM,C,405
6SUL,UAM,D,406
6SUM,UAM,A,404
6SUM,UAM,B,404
6SUN,UAM,A,404
6SWX,LWN,A,801
6SX9,LWT,A,303
6SYB,LYQ,A,303
6SZM,M2Z,A,503
6T0K,M65,A,502
6T0L,M8N,A,502
6T2H,M9N,A,524
6T4J,L3E,A,602
6T4N,F1A,A,302
6T4O,MJ2,A,304
6T4P,MHK,A,305
6T4U,HCD,A,802
6T4W,MJE,A,803
6T50,HC3,A,601
6T7K,MU5,A,802
6T7N,IPE,AAAA,404
6T7N,IPE,AAAA,405
6T81,MUE,A,302
6T88,MWQ,A,608
6TA0,NIO,A,504
6TA0,NIO,B,602
6TAC,NMN,A,504
6TAC,NMN,B,503
6TAH,GDS,AAA,301
6TAH,GDS,B,301
6TAH,GDS,CAA,301
6TE2,N4N,A,401
6TE6,N4W,A,401
6TE6,N4W,B,401
6TEI,N4N,A,401
6TEI,N4N,B,401
6TFS,N7T,A,601
6TFS,N7T,B,601
6THX,N9Z,A,501
6THX,N9Z,B,501
6TIB,BYN,AAA,604
6TIB,FIV,AAA,605
6TIC,BYN,AAA,604
6TIE,BYN,AAA,604
6TIH,BYN,AAA,604
6TIH,ND8,AAA,605
6TIJ,BYN,AAA,604
6TIO,ND8,AAA,605
6TKA,NJ5,AAA,1101
6TLQ,MJE,A,602
6TLV,NKW,A,401
6TMC,NL5,A,401
6TN5,NL8,AAA,301
6TNK,NO5,A,402
6TPD,QZ8,A,1201
6TT1,1IU,A,711
6TT1,1IU,B,708
6TT3,BJ2,A,714
6TT3,BJ2,B,710
6TT4,FT8,A,709
6TT4,FT8,B,711
6TTN,HYO,A,506
6TTO,AKG,A,401
6TU9,0LI,A,801
6TU9,0LI,B,801
6TW2,V25,E,2301
6TW5,9M2,AAA,501
6TW5,9M2,BBB,501
6TW5,9M2,CCC,501
6TW7,NZB,AAA,1003
6TW9,O08,A,401
6TX5,4MZ,A,203
6TX6,NCA,A,204
6TX7,V1L,A,204
6TYK,IYR,A,302
6TYK,IYR,B,302
6U6W,Q0Y,A,401
6U7O,Q1D,B,201
6U8B,Q1M,B,401
6UAH,LMP,A,303
6UBW,84S,A,1401
6UDY,Q54,A,401
6UDY,Q54,B,401
6UEL,Q5A,A,1602
6UEL,Q5A,B,1602
6UFC,Q6A,A,302
6UFD,Q6D,A,305
6UIF,Q8P,A,401
6UIF,Q8P,B,401
6UIK,Q8M,A,401
6UIK,Q8M,B,401
6UJ4,Q8S,A,401
6UJ4,Q8S,B,401
6UK3,ADN,A,502
6UK3,ADN,B,502
6UK3,ADN,C,502
6UK3,ADN,D,502
6UKV,QB1,A,401
6UKV,QB1,B,401
6UKX,QBA,A,401
6UKZ,QBG,A,401
6UP5,PGA,B,301
6UUX,QHM,A,302
6V52,QPV,A,501
6V52,QPV,B,501
6V7H,4D6,A,301
6V7H,4D6,B,301
6V94,GNP,A,201
6V94,QTV,B,2001
6V9F,GNP,A,201
6V9F,QTS,B,2001
6V9J,GNP,A,201
6V9J,QTM,B,2001
6V9L,GNP,A,201
6V9M,GNP,A,201
6V9M,QTG,B,2001
6V9N,GNP,A,201
6V9N,QTD,B,2001
6V9O,GNP,A,201
6V9O,QTA,B,2001
6V9O,QTA,B,2002
6VB9,OXD,B,503
6VII,GSP,A,302
6VIK,GSP,B,302
6VJC,476,A,405
6VJC,476,B,405
6VJC,IPR,A,404
6VJC,IPR,B,404
6VN8,3JW,A,1201
6VN8,3JW,B,1201
6VO6,NAI,A,401
6VO6,NAI,B,401
6VO6,NAI,C,401
6VO6,NAI,D,401
6VP3,KM3,A,201
6VP3,KM3,B,201
6VP3,KM3,C,201
6VP3,KM3,D,201
6VZU,RZP,A,605
6VZU,RZP,B,605
6VZU,RZP,C,705
6VZU,RZP,D,608
6W1H,OOG,A,501
6W39,SJG,A,1001
6W39,SJG,B,1001
6W3O,SKG,A,301
6W3O,SKG,B,301
6W3P,SKJ,A,301
6W3P,SKJ,B,301
6W3R,I2M,A,301
6W3R,I2M,B,301
6W4G,SL4,A,601
6W4G,SL4,B,601
6W70,GG2,A,303
6W7G,Q3A,A,501
6WDU,KOU,B,410
6WFK,U2J,A,202
6WFK,U2J,C,202
6WFO,ACO,A,201
6WFO,ACO,B,201
6WFO,ACO,C,201
6WGM,PCA,A,401
6WGN,GNP,A,201
6WGN,GNP,B,201
6WH5,3PO,A,203
6WH5,3PO,B,203
6WH5,3PO,C,203
6WII,U2V,A,301
6WJZ,A12,A,401
6WJZ,A12,B,401
6WKQ,SFG,A,7103
6WKQ,SFG,C,7103
6WLC,U5P,A,401
6WLC,U5P,B,401
6WQA,ZMA,A,1202
6WQS,U7S,A,602
6WQT,U81,A,602
6WRN,NIY,A,402
6WTN,RXT,A,1204
6WVN,GTA,A,7113
6WX3,F9F,A,301
6WZP,MW7,A,503
6X0C,0JO,B,802
6X21,UKJ,A,401
6X3P,UM4,A,701
6X42,I3C,X,904
6X6U,PTE,A,701
6X6U,PTE,C,701
6X7Z,INS,A,1006
6X94,SSA,A,501
6X9C,NAI,B,1301
6XB3,9BG,A,301
6XB3,9BG,B,301
6XB3,9BG,C,301
6XB3,9BG,C,302
6XB3,9BG,E,301
6XB3,9BG,F,301
6XB3,9BG,G,301
6XB3,9BG,G,302
6XB3,9BG,I,301
6XB3,9BG,J,301
6XB3,9BG,K,301
6XB3,9BG,K,302
6XB3,9BG,M,301
6XB3,9BG,M,302
6XB3,9BG,P,301
6XB3,9BG,P,302
6XBO,5MC,A,401
6XCT,478,A,401
6XD2,017,A,401
6XE3,1D0,B,401
6XE4,V1G,A,701
6XG5,TOP,A,303
6XHT,V2V,B,301
6XHT,V2V,E,301
6XI7,GNP,A,201
6XJ4,C5J,B,301
6XJE,TIU,A,301
6XJE,TIU,B,301
6XJE,TIU,C,301
6XJE,TIU,D,301
6XKG,A3P,A,502
6XKG,A3P,B,502
6XM9,V55,A,501
6XN6,7UC,A,401
6XNP,V67,A,401
6XNP,V67,B,401
6XOY,1GP,A,403
6XOY,VB4,B,401
6XRH,1GP,A,404
6XSY,F9F,A,308
6XSY,KOU,B,415
6XT0,1GP,A,503
6XT0,X9D,B,400
6XT2,NAI,A,403
6XT2,NAI,B,403
6XT2,NAI,C,403
6XT2,NAI,D,403
6XUE,O1H,A,605
6XUE,O1H,B,605
6XUI,PA5,A,601
6XUI,PA5,B,601
6XUI,PA5,C,601
6XUI,PA5,D,602
6XV1,AR6,A,401
6XV1,AR6,B,401
6XV6,AR6,A,401
6XV6,AR6,B,401
6XV6,AR6,C,401
6XV6,AR6,D,401
6XV6,AR6,E,401
6XV6,AR6,F,401
6XVH,O3B,A,301
6XVJ,O35,A,1201
6XVK,O3E,A,1201
6XWZ,GXE,AAA,303
6XXT,O42,X,302
6Y0B,1LQ,A,401
6Y0Q,AKG,A,301
6Y2I,O6Z,AAA,506
6Y2I,O6Z,BBB,506
6Y2U,LRT,A,401
6Y4U,O98,A,401
6Y4V,O8Z,A,401
6Y4W,O8T,A,401
6Y6F,OD2,A,401
6Y6H,OBW,A,401
6Y7J,OF5,A,700
6Y7J,OF5,B,700
6Y89,OGB,A,401
6Y8L,NOV,A,501
6YA5,LU2,A,203
6YA6,0SX,A,601
6YGR,NE8,A,402
6YGS,OQQ,A,402
6YGX,726,A,402
6YGY,NEZ,A,402
6YGZ,NE8,A,402
6YH2,ITE,A,404
6YH3,OQN,A,402
6YH4,V13,A,302
6YH5,E1F,A,302
6YH7,5EF,A,303
6YH8,OQT,A,304
6YH9,WWX,A,302
6YHA,3TV,A,305
6YHB,V50,A,302
6YHC,WWO,A,303
6YHD,1WK,A,401
6YHN,BU3,A,1201
6YIK,OSQ,A,1201
6YIQ,OQN,A,403
6YIQ,OQN,B,404
6YIS,D86,A,303
6YIT,8M2,A,303
6YIV,D86,A,301
6YIX,8M2,A,303
6YJA,2BA,B,201
6YJV,U2F,AAA,806
6YJV,U2F,BBB,804
6YK3,PVQ,A,309
6YK5,PVK,A,312
6YK6,OUB,A,311
6YK7,OU2,A,401
6YKQ,OVW,A,1101
6YKS,OVT,A,1201
6YM2,OYK,A,601
6YM2,OYK,B,601
6YMS,OZH,E,409
6YNB,IQU,A,401
6YNC,7CT,A,401
6YNR,O72,A,403
6YOT,P4W,A,401
6YQ1,P7N,A,701
6YQ1,P7N,B,701
6YQ1,P7N,D,701
6YQI,6TV,A,401
6YQK,7KB,A,401
6YQM,DGP,AAA,201
6YQT,P9E,A,302
6YQU,P92,A,302
6YQW,82I,A,201
6YR2,T1C,BBB,1001
6YR9,P9K,B,701
6YR9,P9K,C,701
6YRV,PJ8,AAA,802
6YS6,PAL,C,401
6YSK,PJK,A,508
6YSP,CP,A,401
6YSP,CP,B,401
6YSP,PAL,C,401
6YT6,PKE,A,701
6YT6,PKE,B,701
6YTG,KHC,A,501
6YV4,PQK,A,501
6YVB,CP,A,401
6YVB,CP,B,401
6YVB,CP,C,401
6YVB,CP,D,401
6YVB,CP,E,1102
6YVB,CP,F,401
6YVS,PVT,C,701
6YW1,AKG,A,502
6YW9,PAL,A,401
6YW9,PAL,B,401
6YW9,PAL,C,401
6YWN,2TM,A,702
6YY7,Q0T,A,301
6YY9,Q0E,A,301
6YYC,Q0Z,A,301
6YYO,Q1K,AAA,317
6YYO,Q1K,BBB,323
6YYX,Q1Z,A,802
6YYZ,725,A,402
6YZZ,ACO,A,201
6Z0R,Q4H,A,301
6Z14,Q4Z,JJJ,1103
6Z1C,7EY,A,501
6Z2C,Q5E,A,201
6Z2C,Q5E,B,201
6Z2C,Q5E,C,201
6Z36,Q5Z,A,804
6Z4D,57N,B,1102
6Z4N,Q7B,AAA,402
6Z4N,Q7B,BBB,402
6Z51,Q8B,A,519
6Z56,Q7Q,A,801
6Z58,Q9B,A,801
6Z59,Q98,A,801
6Z5A,Q8B,A,807
6Z5B,Q7Z,A,803
6Z5D,Q8Q,A,805
6Z5O,NCA,AAA,809
6Z5T,APR,B,401
6Z9I,G3H,B,302
6ZAE,ACV,A,403
6ZAF,ACV,A,402
6ZAG,ACV,A,403
6ZAH,ACV,A,402
6ZAK,ACV,A,402
6ZB0,QCW,AAA,502
6ZC0,QDZ,A,701
6ZC3,JOR,A,402
6ZC3,JOR,B,401
6ZC7,V31,B,401
6ZCR,5JG,A,701
6ZCU,5JG,A,701
6ZCY,QF8,A,701
6ZDM,QG2,AAA,603
6ZE2,FDA,A,701
6ZE2,FDA,B,701
6ZE4,FDA,A,701
6ZE4,FDA,B,701
6ZE5,FDA,A,701
6ZE5,FDA,B,701
6ZE6,FDA,A,701
6ZE6,FDA,B,701
6ZE7,FDA,A,701
6ZE7,FDA,B,701
6ZE8,QGB,A,401
6ZE8,QGB,B,401
6ZE8,QGB,C,401
6ZE8,QGB,D,401
6ZE8,QGB,E,401
6ZE8,QGB,F,401
6ZF0,QHT,A,712
6ZF3,QH5,A,1101
6ZF4,QHW,A,719
6ZF5,QH8,A,718
6ZF6,QH2,A,719
6ZFJ,F05,A,308
6ZJF,QM2,A,401
6ZK5,IMH,A,402
6ZK5,IMH,B,401
6ZLD,UGA,A,402
6ZLD,UGA,B,802
6ZLJ,UGF,A,402
6ZLJ,UGF,B,802
6ZLK,UGA,A,402
6ZLK,UGA,B,402
6ZLK,UGA,C,402
6ZLK,UGA,D,402
6ZLK,UGB,A,403
6ZLK,UGB,B,403
6ZLK,UGB,C,403
6ZLK,UGB,D,403
6ZLL,UGB,A,401
6ZLL,UGB,B,401
6ZLL,UGB,C,401
6ZLL,UGB,D,401
6ZPA,3D1,A,201
6ZPB,3D1,A,201
6ZPZ,LX5,AAA,711
6ZQ1,EDG,AAA,701
6ZQT,GNP,A,201
6ZQT,GNP,B,201
6ZRN,GNP,A,201
6ZRN,GNP,B,201
6ZSI,GNP,A,201
6ZSI,GNP,B,201
6ZSJ,GNP,A,201
6ZSJ,GNP,B,201
6ZTI,SND,A,501
6ZTI,SND,A,502
6ZTI,SND,B,501
6ZTI,SND,B,502
6ZTI,SND,B,503
6ZTI,SND,C,501
6ZTI,SND,C,502
6ZTI,SND,D,501
6ZV8,QQT,H,1001
6ZW8,ACV,A,409
6ZXQ,HDA,A,501
6ZYO,QST,A,306
6ZYO,QST,B,306
6ZYU,QSW,B,309
6ZYU,QSW,C,306
6ZYU,QSZ,B,308
6ZYU,QSZ,C,305
7A0B,QTQ,A,406
7A0B,QTQ,A,407
7A1B,QXW,A,401
7A1J,QVN,A,407
7A1P,QW2,A,505
7A1Z,QWN,A,401
7A22,QWW,A,402
7A2H,QX2,A,401
7A3V,QXE,A,404
7A3V,QXE,A,405
7A3X,QXB,A,404
7A3X,QXB,A,405
7A3X,QXB,A,406
7A4K,QZT,A,405
7A5D,QYW,A,503
7A6V,R2W,A,303
7A9E,R4W,A,404
7A9E,R4W,A,405
7A9G,HTL,AAA,701
7A9G,HTL,BBB,701
7AA2,FDA,A,701
7AA2,FDA,B,701
7AAZ,R6K,A,901
7ABN,4LU,A,503
7ABN,4LU,D,503
7ACK,R7B,A,301
7ACK,R7B,C,301
7AFX,R9K,A,304
7AFX,R9K,B,304
7AKL,RK5,A,501
7AN5,RDH,A,301
7AN5,RDH,B,301
7AO0,AHD,A,401
7AO0,AHD,B,407
7AO1,AHD,A,401
7AO1,AHD,B,401
7AO2,AHD,A,402
7AO2,AHD,B,402
7AO3,AHD,A,401
7AO3,AHD,B,406
7AP3,RRB,A,501
7AP3,RRB,B,501
7APS,RR5,A,301
7APS,RR5,B,301
7APW,RSB,A,201
7ARR,TFA,A,101
7ARW,8NA,A,403
7AYN,SBQ,A,301
7AYN,SBQ,B,301
7AYN,SBQ,C,301
7AYN,SBQ,D,301
7B1E,SKW,A,501
7B1P,SL8,A,501
7B1Q,SLK,A,501
7B2C,COM,A,1205
7B2C,COM,F,1102
7B31,SQ8,A,401
7B33,SQE,A,905
7B3Q,SV5,A,1401
7B41,SWK,A,1401
7B5U,2BA,A,301
7B66,SYW,A,201
7B66,SYW,C,201
7B67,SYW,B,201
7B8H,NIO,A,402
7B9Y,T5B,A,201
7BAQ,T82,A,401
7BAR,T82,A,401
7BBR,KDG,A,901
7BI5,010,A,302
7BJJ,TVW,A,301
7BKA,4JC,B,201
7BKA,4JC,C,201
7BKA,4JC,D,201
7BKA,4JC,E,201
7BKU,PHN,A,401
7BLS,U2Q,A,510
7BMI,U4B,A,802
7BMK,U4N,A,1001
7BMK,U4N,B,1001
7BO2,U62,A,515
7BPH,GNP,A,401
7BQK,F56,A,501
7BQK,F56,B,501
7BQV,F4U,A,501
7BRV,F5R,A,305
7BS3,F5R,A,302
7BTD,GNP,A,202
7BTT,F8R,A,1501
7C0K,FGO,A,525
7C0K,FGO,B,523
7C0L,FGO,A,507
7C0L,FGO,B,508
7C0R,FGO,A,510
7C0R,FGO,B,512
7C0T,FGO,A,510
7C0T,FGO,B,505
7C0U,FGO,A,509
7C0U,FGO,B,506
7C0V,FGO,A,505
7C0V,FGO,B,509
7C0Y,FGO,A,507
7C0Y,FGO,B,505
7C15,FGO,A,509
7C15,FGO,B,507
7C19,FGO,A,505
7C19,FGO,B,506
7C3N,FHX,A,9000
7C3U,AZG,A,202
7C3U,AZG,B,202
7C6B,K2R,A,601
7C7B,FJX,A,301
7C8Q,DSG,A,401
7C8Q,DSG,B,401
7CAV,DMA,A,301
7CAV,DMA,A,302
7CAV,DMA,C,301
7CAV,DMA,C,302
7CAV,DMA,D,301
7CAV,DMA,D,302
7CAV,DMA,E,301
7CAV,DMA,E,302
7CD9,FVR,A,501
7CD9,FVR,B,501
7CI4,FXU,A,1300
7CI4,FXU,B,1300
7CIC,FZ0,A,301
7CIC,FZ0,B,301
7CII,G06,A,601
7CII,G06,B,601
7CIJ,G0C,A,601
7CIJ,G0C,B,601
7CKN,G4O,A,503
7CKN,G4O,B,503
7CKN,G56,A,502
7CKN,G56,B,502
7CL8,TES,A,505
7CMN,AZA,A,401
7CMN,AZA,B,401
7CMQ,AZA,A,401
7CMQ,AZA,B,401
7CNS,PMV,A,501
7CON,G56,A,503
7CON,G56,B,503
7CP8,GKX,A,503
7CP8,GKX,B,511
7CTM,NAI,A,500
7CUF,AZA,A,401
7CUF,AZA,B,401
7CX6,QSC,A,503
7CX6,QSC,B,503
7CX8,1Y5,A,503
7CX8,1Y5,B,503
7D0T,GQR,A,503
7D0T,GQR,B,504
7D1F,D0L,A,502
7D1F,D0L,B,502
7D1V,GOU,A,301
7D1V,GOU,A,302
7D22,GQ0,A,301
7D25,GQ6,A,301
7D25,GQ6,A,302
7D26,GQ9,A,301
7D4S,APC,A,401
7D4S,APC,A,402
7D5B,66F,A,401
7D5C,GV6,A,1002
7D5N,NAI,A,500
7D5N,NAI,B,501
7DBJ,NAI,A,401
7DBJ,NAI,C,602
7DE2,AKG,A,301
7DE2,AKG,B,301
7DOZ,1UN,A,1101
7DOZ,1UN,A,1102
7DPJ,GNP,A,206
7DPR,AX7,A,302
7DPR,HE9,A,301
7DPR,HE9,B,301
7DQH,AX7,A,301
7DQL,4CL,A,302
7DQL,4CL,B,301
7DQS,AX7,A,301
7DQU,AX7,A,301
7DUA,HJ0,A,1101
7DUA,HJ0,B,1101
7DUX,HLF,A,303
7DUY,HLL,A,303
7E4L,MDN,A,301
7E4L,MDN,B,301
7EBB,42A,A,502
7EBG,J0L,A,502
7EC9,NOJ,A,401
7EC9,NOJ,B,401
7ED2,A3P,A,301
7ED2,A3P,B,301
7EDZ,J1O,A,402
7EDZ,J1O,B,402
7EGO,J3R,A,201
7EJW,AGS,A,501
7EJW,AGS,B,302
7ELT,TYM,A,401
7EN8,J7R,B,401
7EPV,FDA,A,401
7ETK,AKG,A,401
7ETK,AKG,B,401
7EVV,JE6,A,901
7F06,0TL,A,201
7F06,0TL,B,201
7F51,BA7,A,402
7F98,JE6,A,1901
7F98,JE6,B,1901
7F9P,JE6,A,901
7F9R,JE6,A,901
7FAN,1TI,A,901
7FB7,8NF,A,304
7FB7,8NF,B,302
7FBF,OCA,A,200
7FBM,3IM,A,202
7FCX,6NA,A,200
7FDT,ELA,A,200
7FDU,X90,A,200
7FDX,2AN,A,201
7FEZ,4I1,A,200
7FF6,4IF,A,201
7FFX,LNL,A,201
7FG1,TDA,A,200
7FHA,ADX,A,1001
7FHA,ADX,B,1001
7FRX,O88,A,605
7FRX,O88,B,605
7FRX,O88,E,605
7FRX,O88,F,605
7FT9,4MB,C,301
7FTI,YMI,A,602
7FTV,YP3,A,602
7FU4,YMO,A,602
7FUB,YQ3,A,602
7FUF,YP8,A,602
7FUI,YR6,A,606
7FUJ,YR6,A,606
7FUK,YQU,A,601
7FUO,YUB,A,602
7FUQ,YUF,A,602
7FUR,JUJ,A,605
7FVU,GFS,A,203
7FVV,IOV,A,201
7FVW,IQH,A,201
7FVY,IWI,A,201
7FW6,KLX,A,201
7FW8,5M8,A,202
7FW9,L8T,A,201
7FWB,LM9,A,201
7FWE,MF9,A,201
7FWF,MQF,A,203
7FWH,N1I,A,201
7FWJ,MQF,A,203
7FWL,O6Q,A,201
7FWM,O9U,A,201
7FWN,OKF,A,203
7FWP,OT9,A,201
7FWQ,P5Z,A,201
7FWR,P6X,A,201
7FWU,Q0O,A,201
7FWW,Q6I,A,201
7FWZ,QD3,A,203
7FX2,QJQ,A,201
7FX6,QJX,A,201
7FX8,QN6,A,203
7FX9,QX0,A,201
7FXB,QZI,A,203
7FXF,R9O,A,201
7FXG,RG6,A,203
7FXH,RI4,A,201
7FXK,S8X,A,203
7FXN,SUX,A,201
7FXP,TB3,A,202
7FXQ,TK6,A,201
7FXR,TQO,A,201
7FXS,TXO,A,203
7FXW,UB8,A,201
7FXX,Q1I,A,201
7FY5,V4R,A,201
7FY7,NC0,A,201
7FYB,VIY,A,204
7FYF,VS5,A,201
7FYG,VVL,A,201
7FYK,W8C,A,201
7FYM,W8N,A,201
7FYO,W90,A,201
7FYV,W9Q,A,201
7FZ0,WBR,A,204
7FZ1,WDE,A,201
7FZ2,WDI,A,201
7FZ3,WDO,A,201
7FZ4,WE2,A,203
7FZ7,WED,A,201
7FZ8,WEI,A,201
7FZ9,WER,A,201
7FZB,WEN,A,201
7FZD,WFC,A,201
7FZD,WFK,A,204
7FZH,WFX,A,204
7FZI,WG3,A,202
7FZL,WGQ,A,201
7FZO,WH3,A,201
7FZR,WHN,A,204
7FZS,WHR,A,201
7FZX,WIC,A,201
7FZY,65X,A,201
7FZZ,WIF,A,201
7G02,WIL,A,201
7G09,WJQ,A,201
7G0A,WJU,A,201
7G0E,L8T,A,202
7G0F,WK9,A,204
7G0H,W8T,A,201
7G0I,TXO,A,204
7G0K,UOF,A,203
7G0P,WL0,A,201
7G0R,UNU,A,203
7G0S,WLB,A,201
7G10,WMF,A,203
7G11,75D,A,203
7G13,WJH,A,201
7G14,Q1I,A,202
7G18,WMW,A,204
7G1B,WNB,A,201
7G1C,WNF,A,201
7G1D,WNL,A,204
7G1F,WNW,A,201
7G1G,WO0,A,201
7G1J,WKW,A,201
7G1K,WOI,A,201
7G1L,WON,A,201
7G1O,WP8,A,201
7G1R,WPQ,A,201
7G1S,WPU,A,203
7G1U,WQ3,A,204
7G1V,WQ8,A,203
7GA3,HV2,A,705
7GI1,PJ6,A,404
7GI1,PJ6,B,405
7GNC,RW9,A,408
7GNC,RW9,B,404
7GNR,RZU,A,408
7GNR,RZU,B,404
7GNU,S7U,A,407
7GNU,S7U,B,404
7GRL,Y1C,A,401
7GZW,A1AK4,A,201
7GZX,A1AK5,A,201
7GZY,A1AK6,A,201
7GZZ,A1AK7,A,201
7H00,A1ALQ,A,201
7H01,A1ALR,A,201
7H02,A1ALS,A,201
7H03,A1ALY,A,201
7H04,A1AJW,A,201
7H05,A1AL0,A,201
7H06,A1AL1,A,201
7H08,A1AL5,A,201
7H0C,A1AME,B,201
7H0D,A1AIP,A,201
7H0F,A1AMG,B,201
7H0J,A1AML,B,201
7H0N,A1AMS,A,201
7H0N,A1AMS,B,201
7H0O,A1AMT,A,201
7H0Q,A1AMV,A,201
7H0Q,A1AMV,B,201
7H0S,A1ANI,A,201
7H0S,A1ANI,B,201
7H0U,A1ANK,A,201
7H0V,A1ANL,A,201
7H19,A1AN4,B,201
7H1A,A1AL7,B,201
7H1E,A1AK2,A,201
7H1G,A1AOC,A,201
7H1X,T6R,B,202
7H4Z,ES3,A,202
7H6K,K34,C,303
7JG0,GAR,A,1101
7JHQ,VAJ,A,301
7JHQ,VAJ,B,301
7JHQ,VAJ,C,301
7JHQ,VAJ,D,301
7JHW,F9F,A,301
7JIT,Y95,A,501
7JJA,EDT,A,601
7JLL,F9F,A,307
7JMQ,F9F,A,308
7JMQ,KOU,B,406
7JMV,4NC,A,301
7JN2,Y41,A,501
7JNV,VFJ,A,304
7JNW,VFM,A,302
7JNX,VGS,A,303
7JNZ,VGV,A,303
7JO0,VFG,A,302
7JO2,VFM,A,302
7JO3,VGS,A,302
7JOB,VGV,A,302
7JOC,ARZ,A,302
7JQA,BRB,A,404
7JQA,BRB,B,404
7JQA,BRB,C,404
7JQA,BRB,D,404
7JQA,NAI,A,403
7JQA,NAI,B,403
7JQA,NAI,C,403
7JQA,NAI,D,403
7JQW,KOU,B,415
7JR8,VH7,A,205
7JTT,F9F,A,301
7JTT,KOU,B,419
7JU5,Q4J,A,1101
7JU5,Q4J,B,1101
7JVN,VKP,A,601
7JVN,VKP,B,601
7JW5,Z7Z,A,501
7JXB,VLG,A,501
7JXF,5HU,A,301
7JXQ,VNS,A,1102
7JXQ,VNS,B,1103
7JXQ,VNS,C,1102
7JXX,VP7,A,401
7JY1,VOP,C,205
7JY3,VUD,A,204
7JY3,VUD,C,201
7K0V,VQP,A,801
7K0V,VQP,B,801
7K0V,VQP,C,801
7K0V,VQP,D,801
7K35,NAI,A,403
7K35,NAI,B,403
7K35,NAI,C,403
7K35,NAI,D,403
7K4O,GDE,A,603
7K4Z,6NT,A,402
7K5A,KOU,B,403
7K6T,VYV,A,302
7K6U,VYY,A,302
7KA1,0JO,B,401
7KB1,WBJ,A,501
7KB1,WBJ,B,501
7KB1,WBJ,C,501
7KBN,1D0,B,401
7KBS,RAL,A,601
7KBS,RAL,B,601
7KBZ,KM3,A,201
7KBZ,KM3,B,201
7KBZ,KM3,C,201
7KBZ,KM3,D,201
7KC5,BJZ,C,402
7KH6,F9F,A,308
7KI7,KOU,B,403
7KJ8,210,A,405
7KJD,RIS,A,405
7KJF,NRD,A,405
7KK4,09L,A,9001
7KK4,09L,B,9001
7KK5,3JD,A,9001
7KK5,3JD,B,9001
7KK5,3JD,C,9001
7KK5,3JD,D,1103
7KM8,WPD,A,202
7KM8,WPD,B,203
7KN1,WQD,A,410
7KN1,WQD,B,408
7KP6,WTP,B,401
7KQ6,PRX,A,701
7KQ6,PRX,B,701
7KQ6,PRX,C,702
7KQ9,0JO,B,401
7KQF,F9F,A,301
7KQS,YOF,A,404
7KQS,YOF,B,402
7KQU,YOF,A,403
7KQU,YOF,B,402
7KVY,WTA,A,802
7KWV,0JO,B,501
7KWV,F9F,A,301
7KXC,0JO,B,501
7KXC,F9F,A,301
7KYT,0JO,B,403
7KYT,F9F,A,301
7KZ5,O1G,A,501
7KZ5,O1G,B,501
7KZ5,O1G,C,501
7KZ5,O1G,D,501
7KZ6,PMP,A,501
7KZ6,PMP,B,501
7KZ6,PMP,C,501
7KZ6,PMP,D,501
7KZ9,XN7,A,601
7KZ9,XN7,B,601
7L00,XCJ,A,402
7L00,XCJ,B,402
7L00,XCJ,C,402
7L00,XCJ,D,402
7L03,0JO,B,501
7L03,F9F,A,301
7L0F,GSP,A,202
7L0F,GSP,E,202
7L0F,GSP,G,202
7L0F,GSP,L,202
7L14,XFD,A,400
7L14,XFD,B,400
7L1H,0JO,B,402
7L1H,F9F,A,303
7L25,XHS,A,301
7L25,XHS,B,301
7L3B,PIH,A,205
7L3D,XQJ,A,205
7L3E,XQJ,A,204
7L3F,XQM,A,203
7L3G,XQM,A,204
7L3I,3H0,A,203
7L5F,XNG,A,304
7L5H,KOU,B,403
7L5I,MGD,A,903
7L5I,MGD,A,904
7L7C,XQ1,A,201
7L7X,4RA,AAA,502
7L7X,4RA,BBB,502
7L7X,PMP,AAA,501
7L7X,PMP,BBB,501
7L99,XWJ,B,800
7L99,XWJ,C,800
7L99,XWJ,D,401
7L9F,AR6,D,401
7L9H,AR6,B,401
7L9H,AR6,D,401
7L9I,AR6,D,401
7LCU,XTA,A,605
7LE0,XUY,A,104
7LEV,0JO,B,406
7LGX,0JO,B,403
7LHP,Y1G,A,201
7LKL,F9F,A,301
7LMO,NYO,B,501
7LOE,Y84,A,201
7LOU,IFM,A,611
7LOU,IFM,B,612
7LP0,P2L,A,3101
7LPK,Y9P,B,3101
7LRK,YC4,B,3101
7LRO,YBV,A,3102
7LRO,YBV,B,3101
7LSZ,ONG,A,301
7LT0,ONJ,A,301
7LT4,0JO,B,401
7LT4,F9F,A,304
7LTP,F9F,A,301
7LTY,YD7,A,701
7LTZ,YDA,A,701
7LV5,F9F,A,301
7LVX,F9F,A,301
7LZD,YHY,A,1805
7LZK,5JC,A,202
7LZK,5JC,B,202
7LZO,Y8I,A,202
7LZO,Y8I,B,202
7LZR,YJJ,A,204
7LZR,YJJ,D,201
7M0F,BML,A,202
7M0F,BML,B,202
7M0M,YK1,A,301
7M0M,YK1,B,301
7M15,YO7,A,201
7M15,YO7,B,201
7M15,YO7,C,201
7M15,YO7,D,201
7M15,YO7,E,201
7M15,YO7,F,201
7M24,RGZ,A,302
7M32,FNR,A,1107
7M32,FNR,B,1108
7M32,FNR,C,1108
7M32,FNR,D,1109
7M3H,YPV,A,501
7M3H,YPV,B,501
7M6K,YRJ,A,701
7M6K,YRJ,B,701
7M9H,NJG,A,101
7M9V,YUJ,A,101
7M9W,YUD,A,101
7M9X,YUA,A,101
7M9Z,DJR,A,106
7MA0,NJM,A,105
7MA1,065,A,107
7MA2,XUY,A,101
7MA3,K14,A,103
7MA6,K19,A,104
7MA7,K2D,A,103
7MA8,F53,A,103
7MAA,A61,A,103
7MEL,Z3D,A,701
7MEL,Z3D,B,701
7MFO,PMP,A,401
7MFO,PMP,B,402
7MFO,PMP,C,401
7MFO,PMP,D,402
7MFO,PMP,E,401
7MFO,PMP,F,401
7MFO,PMP,G,401
7MFO,PMP,H,402
7MFO,PMP,I,401
7MFO,PMP,J,402
7MFP,Z7P,A,401
7MFP,Z7P,B,401
7MFP,Z7P,C,401
7MFP,Z7P,D,401
7MGT,ZD4,A,403
7MGY,ZD1,A,701
7MGY,ZD1,B,701
7MIE,C2E,A,302
7MM7,ZJV,A,1201
7MME,9H4,A,1201
7MMS,FNR,E,201
7MMS,FNR,F,502
7MMS,FNR,G,201
7MMS,FNR,H,201
7MOI,HPS,A,501
7MOI,HPS,B,501
7MOY,ZLM,A,411
7MOY,ZLM,B,408
7MSR,DCA,A,401
7MT4,0JO,B,401
7MT4,F9F,A,400
7MT5,0JO,B,401
7MT5,F9F,A,400
7MT6,0JO,B,401
7MT6,F9F,A,401
7MWN,WI5,A,201
7MWU,ZPM,A,2002
7MWV,ZPJ,A,2002
7MXK,MAP,A,502
7MY1,IPE,AAA,401
7MYP,G04,B,401
7MYU,ZR7,A,401
7MYU,ZR7,B,401
7MYY,7OA,A,101
7N03,ZRP,A,201
7N14,ZRS,A,501
7N3L,04Y,A,503
7N3M,05D,AAA,502
7N4N,0BK,A,401
7N4W,P4V,A,203
7N53,EV1,A,202
7N53,EV1,B,203
7N5O,0BQ,A,703
7N5X,0GW,A,705
7N6F,0I1,A,502
7N6V,478,A,201
7N6X,478,B,201
7N7B,T3F,A,302
7N7B,T3F,B,302
7N7C,T3Q,A,302
7N7C,T3Q,B,302
7NEC,U95,A,601
7NEL,EST,A,601
7NEL,EST,B,601
7NF0,BYN,A,702
7NF0,BYN,B,702
7NF3,4LU,A,603
7NF4,BYN,A,603
7NF4,BYN,B,604
7NFB,GEN,A,601
7NFB,GEN,B,601
7NGG,U9W,C,301
7NGU,UAZ,A,301
7NGW,UAW,A,301
7NKG,COM,A,603
7NKG,COM,D,601
7NKG,COM,G,602
7NKG,COM,J,601
7NLV,UJE,AAA,201
7NLV,UJE,BBB,201
7NLV,UJE,CCC,201
7NLV,UJE,DDD,201
7NP6,UK8,A,601
7NPC,ULT,A,601
7NPL,UKZ,A,401
7NQG,4HP,AAA,401
7NR6,UO8,B,303
7NR8,UOE,A,408
7NS9,3PO,A,204
7NSF,3PO,A,201
7NTB,URH,A,302
7NTH,URW,A,1005
7NTI,UWZ,A,1008
7NXO,UU8,A,401
7NXO,UU8,B,401
7NZR,V90,A,303
7NZS,3TV,A,305
7NZT,V14,A,304
7NZU,WWO,A,302
7NZW,V50,A,302
7NZX,V13,A,302
7O0N,TS6,A,302
7O0N,TS6,B,303
7O1T,5X8,A,407
7O25,5X8,A,412
7ODX,DTP,A,402
7ODY,DGI,A,201
7ODY,DGI,B,201
7ODY,DGI,C,201
7ODY,DGI,D,201
7OEO,V9Z,AAA,501
7OES,VBE,AAA,505
7OFF,VCB,A,712
7OFI,VCK,A,601
7OFK,VCH,A,601
7OFL,AHD,A,401
7OFL,AHD,B,401
7OFY,VCW,A,401
7OFY,VCW,B,401
7OJ6,VFE,C,301
7OJY,VGQ,A,301
7OJY,VGQ,C,301
7OK1,VFN,A,301
7OK1,VFN,A,302
7OK1,VFN,B,301
7OLI,8HG,A,301
7OLI,8HG,B,301
7OM1,1OI,AAA,1201
7OM1,1OI,BBB,1202
7OMX,CNA,AAA,301
7ONF,VKK,A,903
7OOY,05Z,B,303
7OOZ,05Q,B,302
7OP9,06K,A,301
7OP9,06K,B,301
7OP9,06K,C,301
7OP9,06K,D,301
7OP9,06K,E,301
7OP9,06K,F,301
7OP9,06K,G,301
7OP9,06K,H,301
7OP9,06K,I,301
7OP9,06K,J,301
7OP9,06K,K,301
7OP9,06K,L,301
7OPG,06N,A,501
7OPG,06N,B,501
7OPG,06N,C,501
7OQF,OMP,A,504
7OQF,OMP,B,504
7OQI,OMP,A,504
7OQI,OMP,B,504
7OQK,OMP,A,504
7OQM,OMP,A,504
7OSO,0V1,A,504
7OU8,1XI,AAA,801
7OY4,2WV,A,501
7OYP,3I4,A,302
7P1M,4IU,A,201
7P1M,4IU,B,201
7P4C,5OV,AAA,905
7P50,AKG,A,201
7P50,AKG,C,201
7P52,AKG,A,302
7P5T,5YG,A,402
7P8A,OYK,A,601
7P8A,OYK,B,601
7P8F,5ZK,A,601
7P8F,5ZK,B,602
7PAX,IPE,A,401
7PCN,NAI,A,801
7PCN,NAI,B,903
7PD5,PAB,A,401
7PHZ,X77,A,401
7PHZ,X77,B,401
7PIF,7QL,A,401
7PIH,7QW,A,401
7PJQ,OWH,A,601
7PJQ,OWH,B,603
7PL1,SFG,A,307
7POM,7VZ,A,302
7POM,7VZ,B,302
7POM,7VZ,C,302
7POM,7VZ,D,302
7PRI,7TI,AAA,404
7PRI,7TI,BBB,406
7PRM,81I,A,401
7PSW,ACV,A,402
7PT1,3KK,A,702
7PT1,3KK,B,702
7PT1,TPW,A,701
7PT1,TPW,B,701
7PT2,3KK,A,702
7PT2,3KK,B,702
7PT2,TPW,A,701
7PT2,TPW,B,701
7PT3,3KK,A,702
7PT3,3KK,B,702
7PT3,TPW,A,701
7PT3,TPW,B,701
7PUU,84O,A,302
7PUU,84O,B,302
7PUU,84O,C,302
7PUU,84O,D,302
7PUV,84Z,A,304
7PUV,84Z,B,304
7PUV,84Z,C,305
7PUV,84Z,D,303
7Q0C,7VZ,A,302
7Q0C,7VZ,B,302
7Q0E,84Z,A,308
7Q0X,6PC,A,303
7Q0X,6PC,A,304
7Q25,8J9,A,701
7Q25,8J9,B,702
7Q27,8KC,A,707
7Q2B,M6H,A,401
7Q3A,ACO,A,503
7Q3A,ACO,B,503
7Q5I,I0F,AAA,901
7Q5X,AKG,A,502
7QF2,RBF,AAA,201
7QF4,RBF,AAA,201
7QFM,AY3,A,402
7QGY,D9I,A,302
7QGZ,D6B,A,302
7QHG,T3B,A,701
7QHG,T3B,B,701
7QHL,D5P,A,301
7QHL,D5P,C,301
7QJL,DQE,A,407
7QLG,NAI,AAA,401
7QLG,NAI,BBB,402
7QOB,E7I,AAA,302
7QOB,E7I,BBB,302
7QPP,VDX,A,501
7QRK,EMI,AAA,303
7QSI,EWF,AAA,303
7QTA,URI,A,407
7QTA,URI,B,407
7QU0,F2L,A,502
7QZJ,PMP,A,501
7QZJ,PMP,B,501
7R3D,APR,AAA,401
7R3D,APR,BBB,401
7R59,I5F,A,602
7R5B,BU3,A,202
7R5F,I3V,B,603
7R5L,I4S,A,601
7R5T,APR,AAA,402
7R5T,APR,BBB,402
7R5T,NAI,AAA,401
7R5T,NAI,BBB,401
7R5W,I5Z,A,604
7R5W,I5Z,B,605
7R6J,2I7,B,901
7R7K,25J,A,1501
7R7R,AWJ,A,1501
7R8S,8ZU,A,502
7R8T,EGM,A,502
7R9N,F97,A,301
7R9N,F97,B,301
7RB1,48J,A,501
7RB1,48J,B,501
7RB1,48J,C,501
7RDO,4IW,A,301
7RDP,4IZ,A,301
7REH,ANN,A,501
7RF9,EJ1,A,403
7RF9,EJ1,B,503
7RF9,EJ1,C,601
7RF9,EJ1,D,403
7RG7,MTX,A,301
7RH3,59O,A,302
7RKW,5TV,A,502
7RM6,NAI,A,403
7RM6,NAI,B,403
7ROR,69X,A,401
7ROR,69X,B,401
7ROU,66I,A,401
7RS4,7I0,A,601
7RS4,7I0,B,602
7RS4,7I0,C,601
7RS4,7I0,D,602
7RSJ,7IH,A,904
7RSP,7IK,A,902
7RSP,7IK,B,1003
7RSV,7IQ,A,901
7RSV,7IQ,B,901
7RWS,4UR,A,401
7RZL,NPO,A,301
7RZL,NPO,B,302
7S4T,88O,A,302
7S84,8IL,A,301
7S95,ADE,A,301
7S98,N6M,A,301
7S9G,94M,A,301
7SCW,GSP,A,202
7SFO,98L,A,601
7SFO,98L,B,601
7SIU,9ID,A,901
7SIU,9ID,B,301
7SKK,NCA,A,201
7SKK,NCA,D,203
7SUY,C97,A,302
7SXJ,6VL,A,401
7T08,FPP,B,629
7T08,XO1,B,628
7T09,FPP,B,606
7T09,XMV,B,605
7T0C,FPP,B,643
7T0D,FPP,B,646
7T0U,E3I,B,201
7T0U,E3I,D,201
7T1D,E7K,A,1007
7T1D,E7K,B,1010
7TB0,UD1,A,501
7TB0,UD1,B,501
7TB0,UD1,C,501
7TB0,UD1,D,501
7TBU,S3P,A,902
7TBU,S3P,B,902
7TDP,P3S,B,502
7TDP,P3S,C,502
7TE8,P0T,C,201
7TE8,P0T,D,201
7TH4,FFO,A,501
7TH4,FFO,B,303
7THI,PGA,A,301
7THI,PGA,B,301
7TM6,GPJ,A,502
7TM6,GPJ,B,502
7TNF,Z7Z,A,502
7TO5,G8R,B,201
7TP5,81M,A,502
7TP6,4MI,A,501
7TQM,4MI,A,501
7TRT,KQF,A,502
7TRU,KQR,A,501
7TS4,H4B,A,802
7TS4,H4B,B,802
7TS4,H4B,C,802
7TS4,H4B,D,803
7TS5,H4B,A,802
7TS5,H4B,B,803
7TS5,H4B,C,802
7TS5,H4B,D,802
7TS5,K9C,A,803
7TS5,K9C,B,804
7TS5,K9C,C,803
7TS5,K9C,D,803
7TS6,H4B,A,802
7TS6,H4B,B,802
7TS6,H4B,C,802
7TS6,H4B,D,803
7TS6,KMI,A,803
7TS6,KMI,B,803
7TS6,KMI,C,803
7TS6,KMI,D,804
7TS7,KKU,A,803
7TS7,KKU,B,803
7TS7,KKU,C,803
7TS7,KKU,D,804
7TSB,K9C,A,805
7TSF,H4B,A,802
7TSF,H4B,B,802
7TUO,KL9,A,801
7TUX,YBM,A,301
7TUX,YBM,B,301
7TUX,YBM,C,301
7TUX,YBM,D,301
7TXH,GNP,A,201
7TXH,GNP,D,201
7TXK,LW8,A,601
7TXK,LW8,B,601
7TYP,KUR,A,602
7TYP,KUR,B,501
7TZ4,KUX,A,601
7TZM,KZ6,A,501
7TZN,1Y6,A,501
7TZW,174,A,501
7TZX,L3C,A,501
7TZY,L3K,A,501
7U00,L4I,A,502
7U3J,L6U,A,402
7UA6,NAJ,A,403
7UA6,NAJ,B,403
7UAM,H4B,A,802
7UAM,H4B,B,802
7UAM,H4B,C,802
7UAM,H4B,D,803
7UAS,MBU,A,401
7UAS,MBU,B,401
7UC9,NAJ,A,403
7UC9,NAJ,B,403
7UCA,NAJ,A,403
7UCA,NAJ,B,403
7UCU,NAJ,A,403
7UCU,NAJ,B,403
7UDD,NAJ,A,403
7UDD,NAJ,B,403
7UDE,NAJ,A,403
7UDE,NAJ,B,403
7UDF,8ZU,A,502
7UDR,NAJ,A,403
7UDR,NAJ,B,403
7UDR,PFB,A,404
7UDR,PFB,B,404
7UEC,NAJ,A,403
7UEC,NAJ,B,403
7UEC,PFB,A,404
7UEC,PFB,B,404
7UEE,NAJ,A,403
7UEE,NAJ,B,403
7UEE,PFB,A,404
7UEE,PFB,B,404
7UEF,NAJ,A,403
7UEF,NAJ,B,403
7UEF,PFB,A,404
7UEF,PFB,B,404
7UEI,NAJ,A,403
7UEI,NAJ,B,403
7UEI,PFB,A,404
7UEI,PFB,B,404
7UEJ,NAJ,A,403
7UEJ,NAJ,B,403
7UEJ,PFB,A,404
7UEJ,PFB,B,404
7UEU,AN2,A,402
7UG1,N5R,A,301
7UHV,NAJ,A,403
7UHV,NAJ,B,403
7UHV,PFB,A,404
7UHV,PFB,B,404
7UHW,NAJ,A,403
7UHW,NAJ,B,403
7UHW,PFB,A,404
7UHW,PFB,B,404
7UHX,NAJ,A,403
7UHX,NAJ,B,403
7UHX,PFB,A,404
7UHX,PFB,B,404
7UJ4,OQ4,A,601
7UJ4,OQ4,B,601
7UJ5,DGL,A,301
7UJ5,DGL,B,301
7UJ5,DGL,C,301
7UJ5,DGL,D,301
7UJC,RAL,A,601
7UJC,RAL,B,601
7UJF,R3V,A,601
7UJF,R3V,B,601
7UJF,R3V,C,601
7UJF,R3V,D,601
7ULC,56B,A,401
7ULC,56B,B,402
7UO3,DAL,A,901
7UP2,NZR,A,303
7UQ2,4BW,A,101
7UQ2,4BW,B,101
7UQ2,4BW,C,101
7UQ3,O2U,A,502
7UQ9,CXF,A,404
7UQ9,CXF,B,404
7UQ9,NAI,A,403
7UQ9,NAI,B,403
7US7,H4B,A,802
7US7,H4B,B,802
7US7,H4B,C,802
7US7,H4B,D,802
7USH,82V,A,501
7UTW,CXF,A,404
7UTW,CXF,B,404
7UTW,NAI,A,403
7UTW,NAI,B,403
7UU0,QJ1,A,502
7UXS,OJC,A,501
7UXS,OJC,B,501
7UYA,OKC,A,303
7UYB,OK0,A,303
7V0Z,OQ6,A,701
7V10,OQI,A,701
7V11,OQO,A,701
7V12,OR0,A,701
7V14,ORU,A,702
7V1C,SFG,A,404
7V36,5P0,A,401
7V36,AKG,A,402
7V3N,AKG,A,1403
7V3O,AKG,A,402
7V3R,5IE,A,1401
7V3S,5I9,A,1401
7V43,C4O,A,501
7V45,C5O,A,501
7V5U,HA4,A,201
7VB8,STL,A,401
7VB8,STL,B,401
7VC3,1XK,A,1001
7VC5,1TI,A,901
7VC5,9SF,A,902
7VEJ,U2F,A,604
7VEJ,U2F,B,604
7VKD,FDA,A,600
7VKF,FDA,A,602
7VKZ,NOJ,A,801
7VKZ,NOJ,A,802
7VMW,GST,A,402
7VMY,GST,A,402
7VMY,GST,B,402
7VQ9,FPS,A,302
7VQ9,FPS,B,302
7VQ9,ISY,A,301
7VQ9,ISY,B,301
7VQA,DMA,A,301
7VQA,DMA,A,302
7VQA,DMA,B,301
7VQA,DMA,B,302
7VV8,GNP,A,201
7VV9,GNP,A,201
7VVB,GNP,A,402
7VVG,GNP,A,201
7VWF,K55,A,502
7VWF,K55,B,502
7VYJ,CA0,A,702
7VYJ,CA0,B,702
7W06,ITN,A,301
7W07,ITN,A,301
7W5T,AKG,A,404
7W6E,8HL,B,201
7W6F,8I6,B,402
7WA2,RKX,A,301
7WB6,F5R,A,301
7WCF,ACP,A,401
7WD6,6NA,A,200
7WDJ,EIC,A,201
7WL4,JFU,A,201
7WL4,JFU,A,202
7WL4,JFU,C,201
7WL4,JFU,D,201
7WPG,DKL,A,200
7WPI,1V7,A,601
7WPW,F15,A,200
7WQQ,5Z6,A,501
7WUY,76N,A,529
7WW7,8DG,A,201
7WW8,8DG,A,202
7WW9,8OG,A,202
7WWA,8OG,A,201
7WY1,D0L,A,502
7WY1,D0L,B,502
7X09,JE6,A,1902
7X09,JE6,B,1902
7X4U,5ID,A,401
7X5N,5M5,A,501
7X5N,5M5,B,501
7X5N,PLS,A,502
7X5N,PLS,B,502
7X5R,9P5,A,502
7X9H,8DG,A,202
7X9H,8OG,A,203
7X9I,8DG,A,202
7X9I,8OG,A,203
7X9J,8OG,A,201
7X9K,8DG,A,201
7X9K,8OG,A,202
7X9L,8OG,A,201
7X9N,8DG,A,202
7X9N,8OG,A,203
7X9O,8OG,A,201
7XBV,APC,A,601
7XFA,D9J,A,301
7XI7,4RI,A,201
7XIH,MTA,A,301
7XIH,MTA,B,301
7XJN,NSD,A,401
7XJN,NSD,B,401
7XJN,NSD,C,401
7XJN,NSD,D,401
7XPO,UPG,A,402
7XPO,UPG,B,402
7XQZ,FPF,A,601
7XRL,FWK,A,605
7XRL,FWK,D,605
7XVW,BCZ,A,501
7XVW,BCZ,B,501
7Y2A,MNP,A,302
7Y2R,MNP,A,303
7Y2S,MNP,A,303
7Y2T,MNP,A,303
7Y2U,MNP,A,303
7Y94,ADE,A,201
7Y94,ADE,B,201
7YBB,IO9,A,802
7YQ1,ADX,A,301
7YQ1,ADX,C,301
7YQ1,ADX,D,301
7YQ1,ADX,E,301
7YQ1,ADX,F,301
7YS9,UPG,A,402
7YSA,UPG,A,402
7YSM,UD2,A,402
7YSM,UD2,B,402
7YXG,AKG,A,502
7YXG,AKG,B,403
7YZU,DO7,A,401
7Z1Q,NIO,A,301
7Z2O,IAJ,A,701
7Z54,OYT,A,607
7Z54,OYT,B,604
7Z5O,MGD,AAA,1101
7Z5O,MGD,AAA,1102
7Z5U,IFW,A,802
7Z6Z,KS8,A,701
7Z6Z,KS8,B,701
7Z70,KS8,A,701
7Z78,IF8,A,1501
7Z78,IF8,C,1501
7Z7B,OYK,A,607
7Z7B,OYK,B,602
7Z7F,IF3,A,606
7Z8X,IGX,A,601
7Z97,FK1,A,503
7ZAJ,HH8,AAA,202
7ZD0,ADN,A,502
7ZD0,ADN,B,502
7ZD0,ADN,C,502
7ZD0,ADN,D,502
7ZD1,ADN,A,502
7ZD1,ADN,B,502
7ZD1,ADN,C,502
7ZD1,ADN,D,502
7ZD9,ADN,A,502
7ZD9,ADN,C,503
7ZF0,DHR,A,508
7ZFT,HWC,AAA,201
7ZHP,IQY,A,408
7ZHQ,IRD,A,411
7ZKU,JLU,A,401
7ZL5,IWE,AAA,303
7ZL5,IWE,BBB,302
7ZL6,IWE,AAA,302
7ZOC,T8E,A,803
7ZOE,ACV,A,403
7ZPG,JQX,A,401
7ZQX,JU0,A,2406
7ZTX,DHT,A,1001
7ZU1,DHT,A,1001
7ZU2,DHT,A,1001
7ZUY,MTA,A,701
7ZWL,K43,A,401
7ZXV,45D,A,402
7ZXV,ECH,A,401
7ZXZ,K9R,A,202
7ZY0,KC0,A,401
7ZZO,KIZ,A,604
7ZZO,KIZ,B,606
7ZZO,KIZ,C,605
7ZZT,KJF,A,607
7ZZT,KJF,B,610
7ZZT,KJF,C,605
7ZZW,KKW,A,609
7ZZW,KKW,B,610
7ZZW,KKW,C,608
8A0H,ECH,A,401
8A1H,DLZ,A,602
8A2A,KY9,A,1101
8A2B,KY9,A,1101
8A2D,KXY,A,1103
8A31,KV0,A,401
8A31,KV0,B,401
8A32,KVA,A,401
8A32,KVA,B,401
8A3A,KYR,A,201
8A66,5BS,A,501
8A66,5BS,B,501
8A6V,IPE,A,504
8A6V,IPE,A,505
8A6V,IPE,B,505
8A78,GPP,A,505
8A7C,IPE,A,506
8A7C,IPE,B,504
8A7C,ZOL,A,507
8A7C,ZOL,B,505
8A7J,IPE,A,505
8A7J,IPE,B,505
8A7J,ZOL,A,506
8A7J,ZOL,B,506
8A7K,IPE,A,509
8A7K,IPE,B,508
8A7K,ZOL,A,510
8A7K,ZOL,B,509
8A7L,GPP,A,506
8A7L,ZOL,A,505
8A7U,GPP,A,506
8A9P,ENK,A,402
8AAU,LH0,L,702
8ABO,231,A,401
8AD6,2BA,B,201
8AE7,LVU,A,403
8AEC,LW3,A,404
8AEM,LVF,A,407
8AGQ,M5O,A,302
8AIE,LCS,A,301
8AIE,M7L,B,301
8AIE,PMP,A,302
8AIE,PMP,B,302
8AJS,ADN,AAA,502
8AJS,ADN,BBB,502
8AJS,ADN,CCC,502
8AJS,ADN,DDD,502
8AK6,08D,A,403
8AK6,08D,B,403
8AK6,AR6,A,401
8AK6,AR6,B,401
8AK7,AR6,A,401
8AK7,AR6,B,402
8AK8,AR6,A,401
8AK8,AR6,B,401
8AK9,AR6,A,401
8AK9,AR6,B,402
8AKA,AR6,A,401
8AKA,AR6,B,402
8AKC,AR6,A,401
8AKC,AR6,B,402
8AKD,AR6,A,401
8AKD,AR6,B,402
8AKF,AR6,A,401
8AKF,AR6,B,401
8AKG,AR6,A,401
8AKG,AR6,B,402
8AP0,MYO,AAA,402
8AQL,PLG,A,601
8AQL,PLG,B,601
8AQL,PLG,C,601
8AQL,PLG,D,602
8ASZ,AG2,A,401
8AUH,L9I,A,402
8AUH,L9I,B,403
8AVQ,UDX,A,304
8AVQ,UDX,B,303
8AVQ,UDX,C,306
8AVQ,UDX,D,304
8AX3,OD0,A,518
8AX3,OD0,B,516
8AY0,MHI,A,601
8AY0,MHI,B,601
8AY0,MHI,C,601
8AY3,OE3,A,501
8AY6,QPZ,A,301
8AYK,PMP,A,302
8AYK,PMP,B,302
8AZD,APR,A,201
8AZD,APR,B,201
8AZN,RVK,A,201
8AZO,OIG,A,201
8AZP,OH9,A,201
8AZP,OH9,B,201
8B51,SFG,A,301
8B51,SFG,B,301
8B72,M25,B,201
8B75,PJU,A,501
8B8H,L7N,A,402
8B8H,L7N,B,401
8B8H,OJQ,A,401
8B9E,Q7F,A,1003
8BA2,Q9X,A,907
8BA3,Q8U,A,901
8BAB,Q8N,A,908
8BAJ,9QN,A,201
8BBA,ACV,A,404
8BK0,QJI,A,1007
8BL0,AR6,A,401
8BL0,AR6,B,402
8BN2,DSN,A,907
8BO3,QV3,AAA,1001
8BO6,QW0,AAA,701
8BO7,QW6,AAA,1001
8BOG,QUU,A,1001
8BOH,R0T,A,1001
8BOM,QU6,A,1001
8BQG,MGD,A,1101
8BQG,MGD,A,1102
8BQH,MGD,A,1101
8BQH,MGD,A,1102
8BQK,MGD,A,1101
8BQK,MGD,A,1102
8BQL,MGD,A,1101
8BQL,MGD,A,1102
8BSD,TBN,A,7220
8BSG,DIF,A,601
8BSY,ACV,A,403
8BTA,RC6,A,506
8BTI,RFO,A,510
8BTQ,OQE,A,304
8BWE,UH9,A,304
8BX3,RZL,A,304
8BXN,S1R,A,401
8BXO,S1I,A,401
8BYF,S6X,A,401
8C0A,T7I,A,902
8C0A,T7I,B,902
8C0Q,SWU,A,302
8C14,T0L,A,424
8C3U,T9C,A,201
8C4J,TI5,A,201
8C5M,MTA,A,7216
8C6M,TNO,A,401
8C70,TVI,A,401
8C9S,BAQ,A,303
8C9S,BAQ,B,302
8CAY,Y45,A,603
8CAY,Y4H,A,601
8CBR,RWR,A,501
8CBR,RWR,B,501
8CBS,U5L,B,605
8CBS,U5L,D,301
8CCQ,MGD,A,2001
8CCQ,MGD,A,2002
8CCQ,MGD,C,2001
8CCQ,MGD,C,2002
8CCQ,MGD,E,2001
8CCQ,MGD,E,2002
8CCQ,MGD,G,2001
8CCQ,MGD,G,2002
8CDX,UE7,BBB,302
8CFE,ADE,A,502
8CFE,ADE,B,502
8CFE,ADE,C,502
8CFE,ADE,D,502
8CFG,ADE,A,502
8CFG,ADE,B,503
8CFG,ADE,C,502
8CFG,ADE,D,502
8CFJ,ADE,A,502
8CFJ,ADE,B,503
8CFJ,ADE,C,502
8CFJ,ADE,D,503
8CFK,ADE,A,502
8CFK,ADE,B,503
8CFK,ADE,C,502
8CFK,ADE,D,502
8CFM,ADE,A,502
8CFM,ADE,B,503
8CFM,ADE,C,503
8CFM,ADE,D,503
8CFN,ADE,A,506
8CFN,ADE,C,510
8CFP,ADE,A,502
8CFP,ADE,B,503
8CFP,ADE,C,502
8CFP,ADE,D,502
8CFR,ADE,A,502
8CFR,ADE,B,503
8CFR,ADE,C,503
8CFR,ADE,D,502
8CFS,ADE,A,502
8CFS,ADE,B,503
8CFS,ADE,C,502
8CFS,ADE,D,502
8CFT,ADE,A,502
8CFT,ADE,B,502
8CFT,ADE,C,502
8CFT,ADE,D,502
8CFU,ADE,A,502
8CFU,ADE,B,503
8CFU,ADE,C,502
8CFU,ADE,D,502
8CFV,ADE,A,502
8CFV,ADE,B,503
8CFV,ADE,C,502
8CFV,ADE,D,502
8CFY,ADE,A,502
8CFY,ADE,B,502
8CFY,ADE,C,502
8CFY,ADE,D,502
8CFY,ADE,G,502
8CFY,ADE,H,502
8CFY,ADE,I,502
8CFY,ADE,J,502
8CG0,ADE,A,502
8CG0,ADE,B,503
8CG0,ADE,C,502
8CG0,ADE,D,502
8CG2,ADE,A,505
8CG2,ADE,C,512
8CGS,MGD,A,5001
8CGS,MGD,A,5002
8CGS,MGD,C,5101
8CGS,MGD,C,5102
8CGS,MGD,E,5001
8CGS,MGD,E,5002
8CGS,MGD,G,5001
8CGS,MGD,G,5002
8CH2,VDF,A,602
8CHI,UMR,B,201
8CHJ,UQI,B,201
8CHJ,UQI,D,201
8CHL,USV,A,201
8CHL,USV,B,201
8CJF,64X,A,702
8CJF,64X,B,702
8CJK,UVU,A,502
8CK6,UZ3,A,608
8CKQ,UZX,A,602
8CM6,MGD,A,1103
8CM6,MGD,A,1104
8CM6,MGD,C,1103
8CM6,MGD,C,1104
8CNC,6D6,A,301
8CNH,V6U,A,501
8CNM,AR6,A,401
8CNM,AR6,B,402
8CNO,AR6,A,401
8CNO,AR6,B,402
8CO7,V9E,A,501
8CQA,VF6,A,301
8CQA,VF6,B,301
8CRD,BYN,A,601
8CV8,HYO,A,408
8CVG,AKG,A,405
8CVG,OVR,A,409
8CZL,GSM,A,502
8CZL,GSM,B,502
8D39,QDB,A,501
8D5D,5DK,A,505
8D5D,5DK,B,505
8D5R,ORX,B,503
8DAI,R6F,A,201
8DCH,G52,A,201
8DHF,T6L,A,403
8DHG,T78,A,403
8DJ9,IZP,A,303
8DKO,TFB,A,2002
8DKO,TFB,B,2002
8DKP,TFB,A,2002
8DKP,TFB,B,2002
8DKQ,SJU,A,2002
8DKQ,SJU,B,2002
8DMU,AR6,A,601
8DMU,AR6,B,601
8DMU,AR6,C,601
8DMU,AR6,D,601
8DP2,UMA,A,501
8DQ8,FDA,A,502
8DQ8,FDA,B,502
8DQ8,NCT,A,501
8DQ8,NCT,B,501
8DQD,UD2,A,401
8DSC,NCA,A,1001
8DSC,NCA,B,1101
8DSD,NCA,A,1001
8DSD,NCA,B,1101
8DSE,NCA,A,1001
8DSE,NCA,B,1101
8DSI,NCA,A,1001
8DSI,NCA,B,1101
8DSK,PLG,A,501
8DSK,PLG,B,902
8DSK,PLG,C,501
8DSK,PLG,D,501
8DTD,PPF,A,301
8DTD,PPF,B,301
8DX2,T27,A,601
8DX8,T27,A,602
8DXE,T27,A,602
8DXH,T27,A,602
8DXI,T27,A,601
8DXJ,T27,A,601
8DXK,T27,A,601
8DXM,T27,A,602
8E0D,G4P,A,201
8E1A,3E0,A,1001
8E5Q,A3P,A,402
8E7Q,UXR,A,201
8E7Q,UXR,B,201
8E7R,PAE,A,201
8E7R,PAE,B,201
8E7U,CXF,A,404
8E7U,CXF,B,404
8E7U,NAI,A,403
8E7U,NAI,B,403
8EA6,VMB,B,301
8EA8,VML,B,404
8EAB,VN2,B,302
8ECS,CXF,A,404
8ECS,CXF,B,404
8ECS,NAI,A,403
8ECS,NAI,B,403
8ECT,CXF,A,404
8ECT,CXF,B,404
8ECT,NAI,A,403
8ECT,NAI,B,403
8ECU,CXF,A,404
8ECU,CXF,B,404
8ECU,NAI,A,403
8ECU,NAI,B,403
8EE3,NAI,A,403
8EE3,NAI,B,403
8EFN,4BW,D,401
8EGZ,0JO,A,401
8EGZ,0JO,B,401
8EH0,0JO,A,401
8EH0,0JO,B,401
8EH1,0JO,A,401
8EH1,0JO,B,401
8EIE,GNP,A,1001
8ELK,GNP,A,201
8ELU,GNP,A,202
8ELW,GNP,A,604
8ELX,GNP,A,201
8ELZ,GNP,A,201
8EMU,WMO,A,302
8EPR,WSW,B,901
8ERB,WBJ,A,501
8ERB,WBJ,B,501
8ERB,WBJ,C,501
8ERB,WBJ,D,501
8ERB,WBJ,E,501
8ERB,WBJ,F,501
8ERB,WBJ,H,501
8ERB,WBJ,I,501
8ERB,WBJ,J,501
8ERB,WBJ,K,501
8ERB,WBJ,M,501
8ERB,WBJ,P,501
8ERD,WQ6,A,301
8ERN,WQK,A,402
8EVX,DS0,A,402
8EVX,DS0,B,402
8EWZ,X0I,A,1101
8EX2,Q2Q,A,901
8EX3,X10,A,1102
8EXL,799,A,1101
8EYD,X4O,A,1102
8EYE,X4I,A,1106
8EYF,X4T,A,1102
8EZ2,X68,A,1103
8F5W,TDR,A,1108
8F5W,TDR,B,1107
8F5W,TDR,C,1108
8F5W,TDR,D,1108
8F81,XJN,A,202
8F82,XJT,A,201
8F83,XJZ,A,202
8F84,XK8,A,202
8F8E,XJI,A,1401
8F8E,XJI,B,1401
8FAU,Y3E,A,301
8FAV,4Y5,A,602
8FAV,4Y5,B,602
8FBM,XOF,A,502
8FBM,XOF,B,502
8FBQ,XOQ,A,502
8FG4,GNP,A,201
8FGG,H4B,A,802
8FGG,H4B,B,802
8FH0,DHT,A,1001
8FH1,DHT,A,1001
8FH5,XXQ,A,402
8FH7,XY0,A,402
8FH9,XYK,A,402
8FIC,NE4,A,501
8FID,NE4,A,501
8FLV,ZB9,A,701
8FMH,4UR,A,401
8FMH,4UR,B,401
8FMH,4UR,C,401
8FMH,4UR,E,401
8FMH,4UR,G,401
8FMH,4UR,H,401
8FO5,Y4U,A,301
8FO5,Y4U,C,301
8FQX,N84,A,302
8FR2,N8A,A,302
8FR4,N7S,A,302
8FSD,PLG,A,501
8FSD,PLG,B,802
8FSD,PLG,C,501
8FSD,PLG,D,703
8FUJ,Y9N,B,201
8FX3,IMU,A,301
8FX3,IMU,B,301
8G0V,YHT,A,702
8G0V,YHT,B,704
8G0V,YHT,C,701
8G2S,NAJ,A,403
8G2S,NAJ,B,403
8G35,YJE,A,502
8G39,NAI,A,403
8G39,NAI,B,403
8G3S,YLT,A,403
8G41,NAI,A,403
8G41,NAI,B,403
8G4A,YL8,A,501
8G4V,NAJ,A,403
8G4V,NAJ,B,403
8G7H,YRQ,A,201
8G7H,YRQ,B,201
8G8X,YT8,A,1201
8G8X,YT8,B,1201
8G9P,GNP,A,201
8G9P,GNP,B,201
8G9Q,GNP,A,201
8GCY,Z3N,A,503
8GDL,SRO,A,401
8GDL,SRO,B,401
8GDN,MEV,A,502
8GDN,MEV,B,1002
8GEW,J1W,A,201
8GF0,UM9,A,601
8GFD,ZHR,A,601
8GPC,ZZ7,A,303
8GPC,ZZ7,B,303
8H3G,7YY,B,402
8H3K,7YY,B,401
8HEF,7YY,B,401
8HFN,XGC,A,502
8HGB,L6X,A,502
8HGC,ANN,A,502
8HI6,FK2,A,601
8HKA,UB7,A,401
8HKB,UB7,A,401
8HO0,3ZI,A,402
8HRV,DUP,A,301
8HRV,DUP,B,203
8HRV,DUP,C,201
8HUT,7YY,A,401
8HUT,7YY,B,401
8HY1,5ZU,B,303
8HY6,5ZX,A,303
8HY6,5ZX,B,303
8I0D,UPG,A,501
8I1Y,O7L,A,401
8I1Y,TYM,B,401
8I61,BR8,A,301
8I62,BR8,A,301
8I6B,ODF,A,301
8IIE,URA,A,302
8IIT,URA,A,302
8IQT,SV0,A,501
8IZC,S93,A,304
8IZC,S93,B,303
8J2X,BLA,A,402
8J5F,CTN,A,301
8J5H,TV0,A,301
8JAB,U0X,A,501
8JB3,NOS,A,501
8JBO,IFM,A,901
8JBO,IFM,B,901
8JDB,UIT,A,502
8JDG,UCU,A,502
8JDP,VAD,A,502
8JDR,UEI,A,502
8JDX,KIV,A,503
8JI2,67I,A,302
8JI2,67I,B,302
8JI3,67I,A,303
8JI3,67I,B,303
8JI4,64X,A,302
8JI4,64X,B,302
8JJQ,UD2,A,401
8JJQ,UD2,B,401
8JJQ,UD2,C,401
8JJT,UD1,A,401
8JJT,UD1,B,401
8JJT,UD1,C,401
8JNV,UW0,A,502
8JNV,UW0,B,502
8JNW,UW0,A,503
8JNW,UW0,B,503
8K2K,GNL,A,601
8K2M,GNL,A,601
8K5J,AVJ,A,502
8K7F,VMF,A,502
8K7F,VMF,B,503
8K7K,VNQ,A,502
8K7K,VNQ,B,502
8K9Y,A3P,A,401
8K9Y,A3P,B,401
8OED,BYN,A,601
8OEH,4LU,A,601
8OEO,4LU,A,601
8OF2,3AY,A,301
8OF2,3AY,B,302
8OF2,3AY,C,302
8OF2,3AY,D,302
8OFK,AZA,AAA,401
8OFK,AZA,BBB,502
8OHW,VON,AAA,501
8OHW,VON,BBB,501
8OIW,AZA,AAA,401
8OIW,AZA,BBB,401
8OIW,AZA,CCC,402
8OIW,AZA,DDD,401
8OKE,VQC,A,302
8OKG,VQH,A,302
8OKJ,VRI,A,302
8OKO,VR3,A,302
8OKP,VQW,A,302
8OKT,VRN,A,302
8OLA,A1H69,A,302
8OLF,VS9,A,302
8OLK,VQH,A,302
8OMB,VRN,A,302
8OMH,VS9,A,302
8OMN,A1H69,A,302
8ONM,PMP,A,304
8ONM,PMP,B,305
8OU7,W1F,A,202
8OU7,W1F,B,202
8OUA,W0Z,A,202
8OUA,W0Z,B,202
8OUU,W49,A,1404
8OUU,W49,B,1405
8OUV,W3R,A,1401
8OUV,W3R,B,1403
8OV3,5ID,A,7218
8OV7,W3W,A,1401
8OWZ,KZU,A,401
8OYQ,W6T,A,201
8OYQ,W6T,B,201
8P0M,WCF,A,503
8P0M,WCF,C,502
8P37,XMP,A,401
8P4H,UM6,B,503
8P4H,UM6,C,401
8P4H,UM6,D,403
8P4Q,XMP,A,402
8P4Q,XMP,B,402
8P4Q,XMP,C,402
8P4Q,XMP,D,402
8P4Q,XMP,E,402
8P4Q,XMP,F,402
8P4Q,XMP,G,402
8P4Q,XMP,H,402
8P58,X77,A,406
8P58,X77,B,408
8P5A,X77,A,410
8P5A,X77,B,406
8P5Z,X08,D,201
8P7K,E5N,B,404
8P7M,GB,A,407
8P7R,GB,A,407
8P7U,X3T,A,404
8P7V,GB,A,406
8P8P,X7I,A,201
8PB3,XP6,A,402
8PB3,XP6,B,402
8PB4,XP6,A,402
8PB5,SFG,A,401
8PB5,XP6,A,402
8PB6,XPN,A,402
8PB7,SFG,A,401
8PBG,FOT,A,1902
8PBJ,NCD,A,1901
8PBK,FOT,A,1901
8PBN,FOT,A,1901
8PBQ,NCD,A,1901
8PBU,FOT,A,1901
8PX8,I0U,A,503
8PYN,ICV,AAA,1301
8PZM,BES,A,601
8Q0T,IJJ,A,1801
8Q0T,IJJ,B,1801
8Q34,IX4,D,702
8Q9Y,TOU,A,602
8QBC,GEE,A,204
8QBU,3NG,A,405
8QBU,42J,A,404
8QCD,TBS,A,402
8QEV,CP,A,401
8QEV,CP,B,401
8QEV,CP,C,402
8QEZ,UF5,A,310
8QEZ,UF5,B,307
8QG1,APR,D,503
8QH4,FNR,B,502
8QH4,FNR,D,502
8QH7,FNR,B,502
8QH7,FNR,D,502
8QHK,FNR,B,502
8QHK,FNR,D,502
8QK2,VTF,A,303
8QK9,VQ9,A,303
8QKA,VTK,A,303
8QLS,VYH,A,401
8QQY,WT3,A,1001
8QTG,WUQ,A,501
8QTJ,WUI,A,504
8QTK,WX9,A,504
8QWS,AHD,A,401
8QWS,AHD,B,401
8QXQ,X8Q,A,402
8QYR,XB2,B,801
8QZD,XDZ,A,609
8R11,XI0,A,401
8R11,XI0,B,701
8R14,XHW,A,401
8R14,XHW,B,701
8R1T,XIJ,A,402
8R4X,XZ0,A,408
8R4X,XZ0,B,405
8R4X,XZ0,C,402
8R4X,XZ0,D,406
8R5T,Y4E,A,301
8R5U,Y4E,A,306
8R5U,Y4E,B,306
8R5V,TF4,A,202
8RHF,BLG,A,402
8RHF,BLG,B,402
8RHI,BLG,A,401
8RHI,BLG,B,401
8RRQ,A1H2W,A,701
8RV7,A1H3E,A,302
8S07,A1H4K,A,605
8S07,A1H4K,B,602
8S0K,A1H4S,A,601
8S0K,A1H4S,B,601
8S1K,A1H4Y,A,201
8SG0,GDC,A,405
8SG0,GDC,B,403
8SG0,GDD,A,404
8SG0,GDD,B,402
8SHR,HIY,A,601
8SIP,NOS,H,301
8SL9,H73,A,501
8SLG,G5A,A,501
8SLG,G5A,B,504
8SMF,OJC,A,101
8SMF,OJC,C,101
8SMF,OJC,F,101
8SMF,OJC,H,101
8SSY,DSN,A,501
8SU1,210,A,405
8SU2,RIS,A,403
8SVL,WRC,A,1102
8SXY,MJ3,A,401
8SXY,MJ3,B,401
8SYE,MJL,A,401
8SYE,MJL,B,401
8SYH,MJL,A,401
8SYH,MJL,B,401
8T70,BT6,B,606
8T72,GNP,A,201
8T72,GNP,B,201
8T72,GNP,C,201
8TBG,GNP,A,201
8TBG,GNP,B,201
8TBH,GNP,A,201
8TBH,GNP,B,201
8TBI,GNP,A,201
8TBI,GNP,B,201
8TBJ,GNP,A,201
8TBJ,GNP,B,201
8TBK,GNP,A,201
8TBK,GNP,B,201
8TBL,GNP,A,201
8TBL,GNP,B,201
8TBM,GNP,A,201
8TBM,GNP,B,201
8TBN,GNP,A,201
8TBN,GNP,B,201
8TC8,NSS,A,601
8TC8,NSS,B,601
8TC8,NSS,C,601
8TC8,NSS,D,601
8TC9,ZTE,A,601
8TC9,ZTE,B,601
8TC9,ZTE,C,602
8TC9,ZTE,D,601
8TCU,ZR3,A,401
8TCU,ZR3,B,401
8TCU,ZR3,C,401
8TCU,ZR3,D,401
8TDP,YTT,A,405
8TFO,MEV,A,501
8TFO,MEV,B,501
8TG3,HQG,A,301
8TN3,PMP,A,501
8TN3,PMP,B,501
8U0Q,U4I,A,502
8U2D,UQX,A,701
8U2R,WTA,A,802
8UG1,WNH,A,301
8UG1,WNH,B,301
8UPI,SET,A,603
8USR,XCE,A,201
8UV0,XKU,A,301
8V2K,F0G,A,502
8V2K,F0G,D,501
8V2K,PLI,B,503
8V2K,PLI,C,504
8V9I,A1AAN,A,701
8V9I,A1AAN,B,701
8V9P,YQK,A,503
8V9P,YQK,B,502
8V9P,YQK,C,502
8V9P,YQK,D,502
8VCW,DTB,A,405
8VF3,ANN,A,501
8W3W,A1AFO,A,501
8W3W,A1AFO,B,501
8W3W,A1AFO,C,501
8W3W,A1AFO,D,501
8W3X,A1AFH,A,501
8W3X,A1AFH,B,501
8W3X,A1AFH,C,501
8W3X,A1AFH,D,501
8WA7,THD,A,713
8WA7,THD,B,713
8WA9,THD,A,702
8WA9,THD,B,702
8WAA,THD,A,703
8WAA,THD,B,703
8WDX,W6K,A,201
8WE3,W6B,A,201
8WIK,6FA,A,401
8WJY,W9X,A,401
8WLB,WEB,A,401
8WTF,8CG,A,501
8X35,DST,A,403
8X35,IPE,A,402
8X37,DST,A,401
8X37,DST,A,402
8X37,DST,B,401
8X37,DST,B,402
8X5K,3YT,A,701
8YHR,A1LYU,A,412
8ZJV,5ID,A,401
9AX6,GNP,A,201
9AX6,GNP,B,201
9BN8,UMA,A,501
9BN9,UMA,A,501
9EMJ,GTA,A,7102
9EMJ,TO1,A,7101
9GSS,GTX,A,211
9GSS,GTX,B,210
